date,open,high,low,close,settle,volume
2004-09-22,1234,1238,1189,1197,1206,163732
2004-09-23,1191,1197,1178,1187,1186,85099
2004-09-24,1182,1197,1179,1190,1190,72485
2004-09-27,1185,1189,1158,1159,1167,73356
2004-09-28,1160,1169,1157,1162,1163,41430
2004-09-29,1165,1167,1150,1154,1157,53599
2004-09-30,1149,1156,1126,1129,1139,62686
2004-10-08,1130,1147,1118,1142,1134,66506
2004-10-11,1138,1153,1131,1144,1145,63788
2004-10-12,1147,1158,1133,1148,1143,75414
2004-10-13,1141,1151,1139,1141,1144,56020
2004-10-14,1145,1151,1142,1148,1146,49289
2004-10-15,1145,1149,1135,1138,1139,52340
2004-10-18,1141,1142,1132,1137,1136,37547
2004-10-19,1135,1149,1134,1140,1141,55019
2004-10-20,1147,1156,1142,1153,1149,64792
2004-10-21,1151,1153,1144,1148,1148,52811
2004-10-22,1146,1148,1136,1138,1139,64894
2004-10-25,1135,1145,1131,1142,1139,55614
2004-10-26,1149,1150,1141,1144,1145,32834
2004-10-27,1146,1148,1142,1145,1144,36394
2004-10-28,1143,1149,1140,1147,1145,45834
2004-10-29,1143,1147,1140,1142,1143,36216
2004-11-01,1141,1143,1128,1135,1135,82420
2004-11-02,1131,1140,1131,1139,1136,57923
2004-11-03,1138,1141,1133,1140,1137,57955
2004-11-04,1140,1141,1136,1140,1138,47274
2004-11-05,1136,1154,1135,1144,1146,92916
2004-11-08,1147,1149,1142,1142,1144,49707
2004-11-09,1143,1146,1140,1142,1142,63139
2004-11-10,1144,1144,1138,1140,1139,62650
2004-11-11,1142,1144,1139,1140,1140,58945
2004-11-12,1140,1141,1133,1136,1138,62284
2004-11-15,1140,1151,1138,1146,1145,88338
2004-11-16,1149,1154,1145,1147,1148,74588
2004-11-17,1149,1152,1144,1149,1147,53681
2004-11-18,1153,1159,1150,1155,1154,76793
2004-11-19,1153,1156,1148,1155,1151,55745
2004-11-22,1149,1151,1147,1149,1149,58118
2004-11-23,1148,1154,1147,1149,1151,82951
2004-11-24,1151,1155,1150,1154,1152,58916
2004-11-25,1153,1172,1152,1169,1164,125752
2004-11-26,1167,1171,1161,1166,1167,70877
2004-11-29,1164,1165,1148,1150,1155,103621
2004-11-30,1149,1155,1147,1150,1151,68790
2004-12-01,1150,1158,1150,1157,1154,84847
2004-12-02,1155,1164,1152,1156,1157,79579
2004-12-03,1155,1161,1154,1160,1157,87735
2004-12-06,1164,1175,1158,1168,1168,124157
2004-12-07,1171,1171,1163,1164,1166,102528
2004-12-08,1159,1165,1157,1162,1160,137854
2004-12-09,1164,1172,1163,1170,1165,120620
2004-12-10,1167,1169,1163,1166,1165,106147
2004-12-13,1167,1173,1164,1172,1169,142262
2004-12-14,1175,1180,1167,1168,1172,134894
2004-12-15,1170,1171,1167,1170,1168,108155
2004-12-16,1169,1171,1167,1168,1168,116842
2004-12-17,1167,1168,1162,1165,1164,155892
2004-12-20,1168,1174,1165,1169,1168,139762
2004-12-21,1169,1171,1166,1169,1168,145167
2004-12-22,1169,1170,1166,1167,1168,134111
2004-12-23,1167,1171,1164,1167,1166,144853
2004-12-24,1170,1170,1166,1168,1167,108589
2004-12-27,1168,1170,1165,1167,1167,138282
2004-12-28,1167,1169,1153,1156,1158,172894
2004-12-29,1156,1160,1153,1158,1158,150670
2004-12-30,1157,1161,1154,1156,1158,126763
2004-12-31,1158,1161,1155,1159,1157,114294
2005-01-04,1154,1157,1146,1149,1152,68299
2005-01-05,1144,1155,1144,1154,1149,76840
2005-01-06,1154,1160,1153,1157,1156,71048
2005-01-07,1164,1167,1159,1161,1161,81600
2005-01-10,1161,1161,1156,1158,1158,70950
2005-01-11,1159,1162,1157,1159,1159,72440
2005-01-12,1157,1161,1157,1160,1158,87197
2005-01-13,1153,1159,1152,1158,1156,80476
2005-01-14,1159,1160,1157,1160,1159,76216
2005-01-17,1155,1160,1155,1160,1159,71250
2005-01-18,1161,1161,1157,1159,1159,59926
2005-01-19,1159,1164,1158,1162,1160,78394
2005-01-20,1162,1163,1158,1160,1160,82763
2005-01-21,1161,1162,1159,1160,1160,63097
2005-01-24,1159,1161,1158,1161,1159,82711
2005-01-25,1159,1163,1159,1162,1161,83335
2005-01-26,1163,1164,1161,1162,1162,75061
2005-01-27,1161,1163,1159,1159,1161,77821
2005-01-28,1158,1160,1155,1158,1158,92149
2005-01-31,1158,1158,1153,1154,1155,60187
2005-02-01,1156,1157,1152,1152,1153,47620
2005-02-02,1152,1154,1146,1150,1151,67721
2005-02-03,1150,1155,1149,1154,1151,59981
2005-02-04,1154,1157,1153,1156,1153,53971
2005-02-16,1162,1167,1157,1160,1161,67066
2005-02-17,1159,1160,1153,1157,1156,56929
2005-02-18,1160,1162,1155,1156,1158,58414
2005-02-21,1158,1159,1154,1158,1156,72484
2005-02-22,1158,1169,1157,1167,1162,69501
2005-02-23,1173,1175,1163,1163,1168,72930
2005-02-24,1164,1168,1163,1166,1165,102682
2005-02-25,1164,1166,1162,1164,1165,71910
2005-02-28,1175,1205,1171,1195,1191,145594
2005-03-01,1194,1195,1174,1181,1182,87881
2005-03-02,1176,1198,1176,1188,1187,91746
2005-03-03,1185,1191,1181,1183,1184,76156
2005-03-04,1186,1191,1179,1191,1185,85327
2005-03-07,1195,1203,1190,1197,1197,70460
2005-03-08,1186,1196,1184,1195,1190,72195
2005-03-09,1200,1215,1196,1209,1207,102387
2005-03-10,1214,1245,1209,1236,1230,164705
2005-03-11,1244,1252,1225,1230,1240,142869
2005-03-14,1251,1258,1231,1245,1243,161668
2005-03-15,1239,1275,1218,1264,1257,167106
2005-03-16,1279,1307,1267,1300,1294,199845
2005-03-17,1289,1304,1276,1279,1290,140006
2005-03-18,1286,1291,1240,1264,1268,166735
2005-03-21,1261,1309,1257,1300,1279,194031
2005-03-22,1283,1309,1274,1299,1296,241403
2005-03-23,1301,1312,1289,1293,1299,213465
2005-03-24,1300,1315,1287,1311,1300,191232
2005-03-25,1321,1326,1303,1310,1314,193630
2005-03-28,1322,1326,1304,1312,1314,145205
2005-03-29,1318,1325,1311,1313,1317,166644
2005-03-30,1314,1319,1294,1298,1304,159725
2005-03-31,1309,1312,1301,1305,1306,109866
2005-04-01,1305,1308,1284,1307,1298,109960
2005-04-04,1303,1317,1299,1314,1312,90464
2005-04-05,1313,1317,1305,1307,1309,86042
2005-04-06,1303,1310,1300,1309,1304,76352
2005-04-07,1316,1316,1303,1306,1309,57023
2005-04-08,1305,1308,1301,1306,1305,48242
2005-04-11,1306,1314,1302,1307,1308,62960
2005-04-12,1315,1317,1307,1313,1310,52660
2005-04-13,1309,1311,1304,1306,1307,52345
2005-04-14,1310,1311,1297,1305,1303,63528
2005-04-15,1307,1308,1302,1304,1305,25991
2005-04-18,1303,1306,1297,1302,1300,31467
2005-04-19,1301,1307,1299,1306,1303,30340
2005-04-20,1316,1324,1309,1317,1316,107062
2005-04-21,1316,1316,1298,1301,1303,68389
2005-04-22,1306,1306,1297,1302,1300,26435
2005-04-25,1306,1307,1301,1303,1303,17238
2005-04-26,1301,1304,1297,1300,1299,22997
2005-04-27,1300,1303,1295,1298,1298,19822
2005-04-28,1295,1298,1292,1295,1295,14040
2005-04-29,1293,1297,1291,1294,1293,17755
2005-05-09,1294,1297,1280,1286,1286,43677
2005-05-10,1286,1290,1276,1287,1285,33297
2005-05-11,1286,1288,1283,1284,1285,21744
2005-05-12,1283,1284,1269,1270,1276,40995
2005-05-13,1264,1275,1254,1259,1260,47002
2005-05-16,1255,1267,1254,1265,1263,25523
2005-05-17,1268,1270,1260,1268,1265,21884
2005-05-18,1267,1273,1261,1273,1266,21449
2005-05-19,1277,1287,1271,1277,1274,23476
2005-05-20,1274,1279,1272,1275,1275,19536
2005-05-23,1283,1286,1277,1284,1282,19247
2005-05-24,1294,1295,1282,1285,1288,27698
2005-05-25,1287,1288,1261,1269,1271,46836
2005-05-26,1277,1280,1271,1278,1275,33235
2005-05-27,1282,1286,1278,1284,1281,34275
2005-05-30,1277,1281,1271,1275,1276,29986
2005-05-31,1281,1284,1273,1274,1276,24957
2005-06-01,1273,1276,1270,1272,1273,23747
2005-06-02,1271,1276,1269,1271,1273,29053
2005-06-03,1264,1269,1263,1269,1267,21613
2005-06-06,1276,1287,1272,1283,1281,36857
2005-06-07,1274,1281,1273,1279,1278,20778
2005-06-08,1274,1278,1273,1276,1276,19288
2005-06-09,1271,1282,1270,1278,1277,27188
2005-06-10,1278,1286,1278,1282,1282,40971
2005-06-13,1284,1285,1279,1281,1282,36919
2005-06-14,1283,1284,1279,1281,1281,44007
2005-06-15,1283,1284,1280,1281,1282,34434
2005-06-16,1287,1290,1280,1283,1284,55811
2005-06-17,1283,1284,1279,1283,1282,48828
2005-06-20,1294,1297,1282,1289,1289,54965
2005-06-21,1289,1289,1284,1286,1287,59546
2005-06-22,1290,1292,1286,1289,1289,54766
2005-06-23,1288,1289,1283,1285,1287,61697
2005-06-24,1287,1289,1285,1288,1287,54601
2005-06-27,1290,1295,1286,1288,1290,58745
2005-06-28,1277,1289,1274,1285,1283,66377
2005-06-29,1285,1290,1283,1287,1285,62572
2005-06-30,1287,1289,1281,1283,1285,52345
2005-07-01,1282,1285,1277,1282,1281,54524
2005-07-04,1281,1286,1280,1283,1281,52625
2005-07-05,1283,1284,1277,1281,1280,55490
2005-07-06,1285,1286,1281,1282,1282,65951
2005-07-07,1282,1285,1281,1282,1283,45127
2005-07-08,1283,1285,1280,1285,1282,61489
2005-07-11,1282,1308,1281,1301,1295,70887
2005-07-12,1301,1302,1296,1298,1299,46773
2005-07-13,1300,1301,1288,1291,1293,62416
2005-07-14,1292,1296,1279,1288,1287,68048
2005-07-15,1296,1302,1288,1299,1297,76797
2005-07-18,1304,1308,1295,1296,1302,80492
2005-07-19,1296,1299,1291,1293,1295,73157
2005-07-20,1289,1290,1279,1282,1284,84851
2005-07-21,1282,1286,1280,1285,1282,68175
2005-07-22,1270,1282,1266,1274,1277,75857
2005-07-25,1272,1277,1263,1265,1270,63246
2005-07-26,1264,1269,1260,1263,1264,71701
2005-07-27,1263,1266,1261,1264,1263,70404
2005-07-28,1266,1268,1238,1248,1255,83163
2005-07-29,1249,1259,1233,1248,1242,90790
2005-08-01,1245,1248,1234,1237,1242,76022
2005-08-02,1239,1246,1234,1242,1239,76124
2005-08-03,1240,1245,1225,1232,1235,107270
2005-08-04,1226,1229,1221,1225,1224,100831
2005-08-05,1226,1233,1224,1229,1229,90130
2005-08-08,1230,1233,1227,1229,1229,103482
2005-08-09,1227,1229,1224,1228,1227,96828
2005-08-10,1224,1240,1223,1234,1228,110904
2005-08-11,1238,1240,1232,1235,1234,92476
2005-08-12,1234,1236,1228,1230,1231,102397
2005-08-15,1224,1227,1216,1218,1220,91775
2005-08-16,1212,1218,1210,1214,1214,95982
2005-08-17,1215,1218,1208,1208,1214,90066
2005-08-18,1210,1221,1209,1214,1214,104192
2005-08-19,1211,1220,1209,1215,1214,101240
2005-08-22,1216,1223,1215,1223,1219,84414
2005-08-23,1225,1227,1217,1220,1221,102708
2005-08-24,1218,1219,1213,1214,1215,93718
2005-08-25,1213,1219,1211,1219,1215,97897
2005-08-26,1214,1216,1211,1214,1213,101876
2005-08-29,1215,1219,1214,1217,1216,90465
2005-08-30,1217,1221,1215,1219,1218,103080
2005-08-31,1221,1224,1219,1223,1221,94180
2005-09-01,1219,1225,1219,1223,1222,88520
2005-09-02,1225,1229,1223,1224,1225,95576
2005-09-05,1223,1226,1221,1225,1223,91602
2005-09-06,1225,1230,1225,1227,1226,104953
2005-09-07,1229,1231,1224,1227,1227,63558
2005-09-08,1225,1228,1221,1223,1223,97267
2005-09-09,1225,1227,1223,1225,1224,91440
2005-09-12,1223,1225,1221,1222,1222,99632
2005-09-13,1220,1224,1220,1223,1222,82152
2005-09-14,1222,1244,1221,1241,1233,125009
2005-09-15,1242,1266,1240,1253,1253,152653
2005-09-16,1248,1258,1243,1252,1249,122780
2005-09-19,1253,1262,1251,1255,1256,127103
2005-09-20,1255,1257,1244,1247,1249,131251
2005-09-21,1245,1254,1243,1253,1251,113116
2005-09-22,1254,1259,1249,1254,1253,107592
2005-09-23,1256,1264,1253,1259,1260,120570
2005-09-26,1257,1259,1249,1250,1255,102021
2005-09-27,1249,1253,1242,1245,1246,101171
2005-09-28,1243,1252,1241,1251,1246,107974
2005-09-29,1251,1258,1247,1257,1251,108729
2005-09-30,1256,1265,1250,1254,1258,99857
2005-10-10,1254,1283,1247,1279,1271,128747
2005-10-11,1281,1288,1274,1281,1281,134564
2005-10-12,1284,1285,1275,1281,1279,112443
2005-10-13,1289,1291,1274,1281,1282,119403
2005-10-14,1280,1281,1268,1270,1277,124136
2005-10-17,1270,1278,1268,1276,1273,101925
2005-10-18,1277,1283,1271,1273,1278,113513
2005-10-19,1272,1279,1265,1269,1272,119823
2005-10-20,1270,1275,1265,1269,1270,95337
2005-10-21,1269,1271,1254,1259,1262,118044
2005-10-24,1259,1269,1257,1265,1264,106166
2005-10-25,1266,1268,1257,1262,1262,106541
2005-10-26,1265,1270,1260,1268,1265,113098
2005-10-27,1266,1276,1264,1269,1270,127960
2005-10-28,1270,1274,1260,1261,1266,109215
2005-10-31,1262,1265,1255,1261,1259,113006
2005-11-01,1263,1274,1260,1272,1267,111576
2005-11-02,1275,1283,1269,1278,1276,119165
2005-11-03,1282,1285,1276,1282,1280,112844
2005-11-04,1288,1289,1274,1277,1283,113893
2005-11-07,1269,1275,1262,1270,1270,116369
2005-11-08,1269,1276,1264,1273,1272,109049
2005-11-09,1274,1276,1262,1267,1270,126580
2005-11-10,1268,1271,1262,1269,1267,110746
2005-11-11,1268,1271,1264,1268,1267,107758
2005-11-14,1275,1277,1262,1266,1267,123208
2005-11-15,1266,1269,1260,1262,1264,114785
2005-11-16,1260,1261,1247,1254,1252,126211
2005-11-17,1249,1257,1246,1255,1252,112843
2005-11-18,1252,1258,1250,1253,1253,103704
2005-11-21,1253,1256,1247,1249,1250,112883
2005-11-22,1250,1266,1249,1264,1255,124854
2005-11-23,1262,1269,1259,1262,1263,122304
2005-11-24,1258,1265,1257,1262,1261,114328
2005-11-25,1262,1270,1261,1263,1264,120721
2005-11-28,1261,1264,1245,1253,1252,121253
2005-11-29,1255,1258,1251,1255,1254,118940
2005-11-30,1253,1261,1252,1260,1256,123136
2005-12-01,1262,1270,1259,1268,1263,131757
2005-12-02,1270,1282,1269,1277,1275,130389
2005-12-05,1278,1293,1273,1286,1279,125205
2005-12-06,1291,1292,1284,1288,1287,128550
2005-12-07,1284,1293,1281,1287,1287,135971
2005-12-08,1284,1288,1278,1282,1284,133003
2005-12-09,1285,1296,1284,1296,1291,133262
2005-12-12,1300,1310,1295,1299,1301,132343
2005-12-13,1301,1304,1294,1299,1299,132206
2005-12-14,1303,1306,1292,1293,1299,132163
2005-12-15,1291,1298,1287,1296,1294,115908
2005-12-16,1295,1301,1293,1299,1297,120317
2005-12-19,1303,1317,1301,1313,1310,156435
2005-12-20,1318,1320,1307,1308,1313,140046
2005-12-21,1309,1316,1305,1312,1309,135385
2005-12-22,1317,1324,1312,1322,1317,143749
2005-12-23,1322,1327,1318,1322,1322,134504
2005-12-26,1324,1350,1321,1347,1338,186496
2005-12-27,1348,1360,1340,1347,1351,189652
2005-12-28,1352,1355,1344,1347,1349,146235
2005-12-29,1350,1359,1345,1348,1353,175601
2005-12-30,1338,1346,1330,1339,1339,161029
2006-01-04,1362,1373,1354,1367,1362,172215
2006-01-05,1364,1365,1353,1356,1358,113913
2006-01-06,1350,1368,1349,1368,1360,143070
2006-01-09,1358,1367,1356,1363,1363,123070
2006-01-10,1361,1366,1355,1362,1360,125891
2006-01-11,1362,1366,1355,1359,1359,122625
2006-01-12,1359,1360,1346,1349,1351,137324
2006-01-13,1343,1353,1341,1352,1347,117089
2006-01-16,1354,1367,1352,1366,1359,138051
2006-01-17,1365,1373,1361,1362,1367,163555
2006-01-18,1358,1361,1346,1348,1353,159876
2006-01-19,1349,1358,1349,1356,1353,131395
2006-01-20,1357,1364,1354,1361,1360,129722
2006-01-23,1364,1369,1361,1364,1365,121964
2006-01-24,1367,1368,1359,1363,1363,126862
2006-01-25,1371,1419,1366,1409,1397,325687
2006-01-26,1412,1423,1405,1407,1410,234059
2006-01-27,1416,1434,1408,1431,1423,236151
2006-02-06,1464,1480,1458,1480,1477,132870
2006-02-07,1468,1522,1452,1504,1493,595589
2006-02-08,1447,1477,1432,1433,1449,546703
2006-02-09,1470,1480,1456,1466,1467,501850
2006-02-10,1485,1493,1439,1456,1468,585437
2006-02-13,1459,1463,1443,1450,1453,413102
2006-02-14,1452,1461,1448,1458,1454,269406
2006-02-15,1452,1469,1447,1466,1455,253182
2006-02-16,1469,1479,1460,1473,1471,450976
2006-02-17,1479,1484,1467,1473,1477,327711
2006-02-20,1486,1488,1464,1469,1473,283592
2006-02-21,1473,1480,1465,1468,1471,303707
2006-02-22,1469,1501,1467,1495,1487,524075
2006-02-23,1478,1490,1464,1470,1478,565941
2006-02-24,1477,1486,1471,1482,1478,307033
2006-02-27,1494,1496,1472,1477,1482,379136
2006-02-28,1480,1482,1465,1468,1472,289988
2006-03-01,1471,1472,1461,1462,1466,266359
2006-03-02,1456,1465,1454,1465,1459,236214
2006-03-03,1477,1477,1471,1475,1473,240049
2006-03-06,1463,1469,1461,1461,1463,194862
2006-03-07,1453,1463,1453,1455,1457,222642
2006-03-08,1453,1453,1430,1434,1439,311712
2006-03-09,1429,1443,1425,1443,1432,233851
2006-03-10,1446,1446,1429,1430,1435,217958
2006-03-13,1426,1434,1426,1430,1429,181716
2006-03-14,1421,1427,1408,1416,1417,256841
2006-03-15,1422,1424,1418,1421,1420,196378
2006-03-16,1416,1417,1405,1408,1410,238144
2006-03-17,1402,1402,1386,1390,1391,280127
2006-03-20,1382,1400,1382,1398,1394,234340
2006-03-21,1389,1402,1388,1399,1395,189359
2006-03-22,1405,1417,1405,1415,1411,220414
2006-03-23,1408,1415,1405,1412,1408,200189
2006-03-24,1412,1415,1407,1412,1411,164749
2006-03-27,1412,1421,1409,1419,1415,209098
2006-03-28,1420,1422,1405,1407,1413,203657
2006-03-29,1412,1414,1401,1405,1405,200804
2006-03-30,1407,1411,1404,1407,1407,162230
2006-03-31,1414,1419,1413,1415,1415,185967
2006-04-03,1428,1429,1411,1411,1416,207897
2006-04-04,1411,1413,1403,1407,1407,160604
2006-04-05,1403,1417,1400,1413,1409,230951
2006-04-06,1415,1421,1413,1421,1418,218560
2006-04-07,1421,1425,1414,1415,1418,246240
2006-04-10,1416,1419,1404,1408,1408,223382
2006-04-11,1404,1406,1384,1387,1392,336579
2006-04-12,1394,1394,1380,1387,1386,208295
2006-04-13,1375,1381,1367,1367,1373,286083
2006-04-14,1373,1373,1364,1368,1367,234550
2006-04-17,1369,1390,1368,1389,1379,265708
2006-04-18,1385,1388,1380,1384,1383,243977
2006-04-19,1386,1391,1386,1388,1387,193682
2006-04-20,1382,1386,1379,1382,1380,179174
2006-04-21,1377,1377,1363,1364,1368,211427
2006-04-24,1373,1386,1373,1382,1382,241715
2006-04-25,1370,1381,1367,1381,1372,211528
2006-04-26,1385,1388,1380,1385,1383,190582
2006-04-27,1383,1403,1383,1399,1398,268497
2006-04-28,1399,1421,1394,1420,1408,260404
2006-05-08,1429,1430,1416,1422,1420,268894
2006-05-09,1423,1452,1421,1451,1442,353237
2006-05-10,1452,1461,1444,1446,1451,350850
2006-05-11,1444,1463,1440,1451,1453,437503
2006-05-12,1464,1467,1442,1450,1454,359143
2006-05-15,1466,1474,1460,1467,1466,425519
2006-05-16,1452,1466,1434,1440,1441,418892
2006-05-17,1451,1459,1447,1457,1455,356041
2006-05-18,1457,1471,1449,1464,1461,429400
2006-05-19,1458,1465,1456,1463,1459,294154
2006-05-22,1451,1461,1449,1452,1454,342560
2006-05-23,1460,1467,1460,1466,1464,253154
2006-05-24,1469,1486,1469,1483,1481,490425
2006-05-25,1477,1481,1472,1479,1474,314407
2006-05-26,1489,1505,1488,1504,1499,406556
2006-05-29,1501,1511,1497,1509,1505,388928
2006-05-30,1511,1517,1501,1511,1511,453697
2006-05-31,1509,1509,1492,1492,1499,359308
2006-06-01,1486,1490,1451,1466,1467,606225
2006-06-02,1478,1484,1468,1483,1479,367552
2006-06-05,1495,1500,1493,1498,1499,283003
2006-06-06,1485,1491,1483,1489,1487,249494
2006-06-07,1477,1486,1474,1485,1480,215130
2006-06-08,1492,1493,1478,1479,1484,190875
2006-06-09,1471,1478,1466,1477,1472,222941
2006-06-12,1489,1491,1481,1485,1484,185206
2006-06-13,1482,1484,1467,1467,1473,293085
2006-06-14,1461,1461,1445,1454,1451,497267
2006-06-15,1443,1462,1443,1458,1454,276670
2006-06-16,1459,1463,1450,1457,1455,275483
2006-06-19,1452,1454,1448,1449,1451,242117
2006-06-20,1440,1455,1438,1454,1445,260536
2006-06-21,1455,1467,1451,1463,1460,219249
2006-06-22,1468,1470,1463,1464,1465,180389
2006-06-23,1459,1460,1455,1458,1457,141040
2006-06-26,1453,1460,1449,1455,1455,149724
2006-06-27,1450,1462,1449,1462,1454,149091
2006-06-28,1462,1463,1454,1454,1457,108706
2006-06-29,1457,1461,1455,1459,1457,117496
2006-06-30,1465,1466,1462,1464,1463,127899
2006-07-03,1474,1476,1466,1466,1469,138009
2006-07-04,1472,1472,1456,1459,1464,208291
2006-07-05,1459,1464,1449,1453,1454,282424
2006-07-06,1454,1455,1444,1444,1449,184485
2006-07-07,1453,1453,1435,1436,1438,305884
2006-07-10,1435,1436,1417,1421,1423,316503
2006-07-11,1426,1437,1417,1434,1429,318250
2006-07-12,1430,1435,1424,1428,1428,213958
2006-07-13,1427,1427,1422,1423,1423,160075
2006-07-14,1418,1422,1416,1421,1417,171593
2006-07-17,1418,1431,1416,1430,1426,221562
2006-07-18,1425,1433,1423,1424,1424,182055
2006-07-19,1425,1425,1419,1422,1421,155150
2006-07-20,1425,1427,1421,1422,1424,116461
2006-07-21,1420,1420,1397,1399,1404,265604
2006-07-24,1395,1395,1374,1385,1384,277989
2006-07-25,1390,1392,1382,1383,1386,127381
2006-07-26,1379,1386,1371,1375,1377,221025
2006-07-27,1371,1379,1371,1379,1375,133097
2006-07-28,1379,1385,1378,1383,1381,124032
2006-07-31,1386,1395,1382,1395,1388,145984
2006-08-01,1392,1394,1380,1380,1385,105654
2006-08-02,1383,1385,1378,1379,1380,114863
2006-08-03,1382,1384,1368,1372,1372,204326
2006-08-04,1372,1379,1369,1379,1374,134870
2006-08-07,1373,1377,1365,1367,1370,152260
2006-08-08,1359,1364,1357,1360,1360,160634
2006-08-09,1356,1366,1355,1362,1362,101112
2006-08-10,1366,1367,1355,1367,1360,215208
2006-08-11,1364,1373,1363,1373,1368,174689
2006-08-14,1354,1365,1354,1363,1359,169826
2006-08-15,1365,1376,1364,1375,1371,143826
2006-08-16,1379,1383,1375,1378,1377,186023
2006-08-17,1375,1396,1372,1396,1384,235859
2006-08-18,1392,1405,1392,1398,1398,299889
2006-08-21,1395,1403,1393,1395,1396,205425
2006-08-22,1397,1402,1385,1399,1393,289444
2006-08-23,1401,1406,1398,1400,1400,258015
2006-08-24,1405,1406,1395,1395,1398,205929
2006-08-25,1397,1398,1391,1394,1393,131763
2006-08-28,1392,1396,1389,1389,1390,99889
2006-08-29,1386,1392,1380,1385,1385,386489
2006-08-30,1383,1384,1372,1373,1377,197107
2006-08-31,1377,1383,1374,1382,1377,220267
2006-09-01,1383,1388,1380,1383,1385,162893
2006-09-04,1383,1386,1378,1382,1381,147363
2006-09-05,1384,1391,1383,1389,1388,108107
2006-09-06,1388,1404,1383,1403,1397,170007
2006-09-07,1399,1403,1394,1400,1399,172690
2006-09-08,1406,1414,1405,1412,1409,168642
2006-09-11,1410,1413,1398,1401,1405,174102
2006-09-12,1398,1400,1393,1397,1395,101920
2006-09-13,1389,1399,1386,1397,1393,122583
2006-09-14,1400,1409,1397,1407,1403,140166
2006-09-15,1404,1412,1401,1403,1405,177490
2006-09-18,1409,1413,1406,1407,1408,81557
2006-09-19,1411,1416,1401,1403,1407,185327
2006-09-20,1399,1404,1396,1399,1399,111044
2006-09-21,1401,1402,1392,1393,1394,117181
2006-09-22,1403,1403,1395,1401,1399,144947
2006-09-25,1396,1397,1389,1391,1391,118869
2006-09-26,1392,1396,1392,1396,1393,51766
2006-09-27,1398,1401,1392,1400,1396,79056
2006-09-28,1396,1400,1395,1398,1397,55738
2006-09-29,1405,1407,1401,1405,1403,77512
2006-10-09,1408,1416,1408,1416,1412,117533
2006-10-10,1427,1462,1426,1459,1445,332748
2006-10-11,1441,1450,1438,1449,1445,224035
2006-10-12,1459,1469,1453,1456,1460,265388
2006-10-13,1476,1482,1473,1479,1477,318058
2006-10-16,1488,1495,1482,1488,1488,304298
2006-10-17,1492,1496,1481,1492,1490,226741
2006-10-18,1486,1489,1468,1472,1478,235177
2006-10-19,1471,1483,1466,1482,1475,159865
2006-10-20,1480,1481,1473,1478,1477,113275
2006-10-23,1472,1479,1471,1472,1474,116003
2006-10-24,1483,1490,1483,1488,1488,151263
2006-10-25,1496,1500,1481,1484,1491,249430
2006-10-26,1480,1485,1475,1484,1479,120923
2006-10-27,1488,1504,1486,1498,1496,268436
2006-10-30,1496,1502,1489,1500,1495,205411
2006-10-31,1496,1507,1488,1489,1495,251906
2006-11-01,1486,1493,1484,1492,1488,133787
2006-11-02,1509,1514,1502,1510,1507,221175
2006-11-03,1508,1521,1503,1509,1512,402253
2006-11-06,1505,1520,1504,1520,1512,275536
2006-11-07,1519,1535,1519,1529,1527,350978
2006-11-08,1539,1548,1535,1547,1540,372219
2006-11-09,1547,1548,1532,1537,1536,374198
2006-11-10,1522,1531,1522,1530,1525,284949
2006-11-13,1530,1572,1528,1568,1554,746000
2006-11-14,1563,1576,1558,1563,1566,667965
2006-11-15,1587,1596,1584,1594,1592,645800
2006-11-16,1588,1609,1588,1606,1603,487200
2006-11-17,1592,1610,1592,1601,1602,378163
2006-11-20,1618,1640,1618,1640,1631,571445
2006-11-21,1633,1639,1619,1619,1628,627315
2006-11-22,1630,1638,1603,1631,1622,733390
2006-11-23,1630,1632,1608,1609,1615,509655
2006-11-24,1617,1626,1612,1619,1619,384161
2006-11-27,1633,1683,1633,1668,1663,827730
2006-11-28,1656,1664,1654,1660,1657,429164
2006-11-29,1666,1672,1595,1608,1634,1221460
2006-11-30,1630,1631,1606,1626,1618,749915
2006-12-01,1627,1635,1610,1616,1619,647270
2006-12-04,1605,1615,1592,1599,1601,552245
2006-12-05,1585,1599,1578,1594,1585,480326
2006-12-06,1596,1604,1590,1591,1596,293644
2006-12-07,1581,1600,1574,1599,1586,465728
2006-12-08,1608,1610,1600,1604,1604,372525
2006-12-11,1605,1631,1603,1630,1622,476162
2006-12-12,1633,1661,1633,1652,1651,735295
2006-12-13,1654,1657,1631,1638,1638,532465
2006-12-14,1638,1646,1631,1640,1637,486195
2006-12-15,1647,1647,1638,1645,1642,295936
2006-12-18,1639,1640,1626,1638,1634,312488
2006-12-19,1629,1640,1627,1638,1632,373838
2006-12-20,1650,1655,1645,1646,1649,326088
2006-12-21,1644,1678,1642,1674,1660,536305
2006-12-22,1675,1695,1672,1674,1680,815525
2006-12-25,1687,1688,1677,1686,1682,454465
2006-12-26,1690,1703,1686,1697,1697,673280
2006-12-27,1694,1697,1664,1670,1674,602015
2006-12-28,1674,1683,1667,1681,1676,288686
2006-12-29,1676,1680,1667,1674,1671,255312
2007-01-04,1621,1636,1601,1626,1621,452388
2007-01-05,1629,1641,1621,1640,1629,394781
2007-01-08,1644,1644,1629,1638,1636,303934
2007-01-09,1632,1633,1616,1619,1625,429728
2007-01-10,1612,1632,1611,1631,1621,349555
2007-01-11,1641,1656,1637,1648,1647,504929
2007-01-12,1657,1663,1648,1649,1654,373785
2007-01-15,1720,1723,1717,1723,1721,352728
2007-01-16,1728,1742,1711,1714,1719,594045
2007-01-17,1704,1713,1697,1708,1708,348354
2007-01-18,1714,1723,1704,1705,1715,466032
2007-01-19,1702,1703,1681,1684,1689,461271
2007-01-22,1669,1679,1663,1678,1674,321650
2007-01-23,1682,1687,1678,1683,1683,241383
2007-01-24,1688,1689,1663,1665,1674,455217
2007-01-25,1669,1676,1662,1669,1670,395981
2007-01-26,1671,1672,1659,1665,1664,430797
2007-01-29,1667,1673,1665,1671,1668,231306
2007-01-30,1663,1668,1659,1664,1664,338623
2007-01-31,1673,1676,1668,1675,1672,226392
2007-02-01,1672,1683,1671,1680,1677,243641
2007-02-02,1668,1675,1666,1670,1671,202984
2007-02-05,1681,1683,1673,1674,1677,130410
2007-02-06,1669,1677,1668,1677,1673,120839
2007-02-07,1671,1677,1670,1675,1674,146749
2007-02-08,1670,1673,1666,1668,1670,144142
2007-02-09,1675,1676,1670,1672,1673,85595
2007-02-12,1677,1677,1670,1670,1673,92704
2007-02-13,1666,1669,1657,1658,1662,244987
2007-02-14,1665,1666,1657,1658,1662,123169
2007-02-15,1658,1663,1650,1662,1657,149197
2007-02-16,1659,1665,1657,1662,1661,85203
2007-02-26,1676,1698,1670,1687,1685,435102
2007-02-27,1678,1683,1672,1672,1678,199276
2007-02-28,1653,1667,1649,1665,1657,345019
2007-03-01,1674,1676,1660,1661,1667,274532
2007-03-02,1656,1663,1654,1661,1659,169370
2007-03-05,1654,1665,1654,1658,1660,154686
2007-03-06,1664,1665,1661,1663,1663,105107
2007-03-07,1658,1662,1657,1659,1659,133221
2007-03-08,1661,1662,1653,1658,1656,211934
2007-03-09,1654,1657,1641,1645,1648,329831
2007-03-12,1642,1646,1638,1644,1641,194669
2007-03-13,1643,1652,1643,1651,1647,272543
2007-03-14,1648,1651,1645,1650,1648,192658
2007-03-15,1654,1658,1653,1658,1655,128882
2007-03-16,1650,1659,1650,1658,1653,124823
2007-03-19,1661,1661,1656,1656,1658,94769
2007-03-20,1655,1660,1652,1657,1655,87428
2007-03-21,1662,1662,1654,1655,1656,70856
2007-03-22,1657,1657,1649,1652,1652,107653
2007-03-23,1653,1655,1651,1651,1652,54297
2007-03-26,1650,1651,1644,1646,1645,131764
2007-03-27,1636,1648,1636,1648,1643,123755
2007-03-28,1649,1652,1648,1651,1649,76650
2007-03-29,1651,1651,1647,1647,1647,47209
2007-03-30,1650,1654,1647,1653,1650,103047
2007-04-02,1602,1635,1601,1633,1624,364300
2007-04-03,1638,1641,1635,1640,1637,121644
2007-04-04,1637,1645,1636,1645,1640,101832
2007-04-05,1647,1649,1641,1644,1644,89680
2007-04-06,1646,1647,1636,1639,1639,110733
2007-04-09,1646,1669,1644,1666,1660,420474
2007-04-10,1661,1665,1655,1662,1660,224478
2007-04-11,1665,1665,1658,1659,1661,136038
2007-04-12,1655,1656,1646,1651,1651,254962
2007-04-13,1654,1654,1637,1640,1643,204994
2007-04-16,1636,1642,1630,1641,1636,226308
2007-04-17,1640,1647,1637,1639,1642,180342
2007-04-18,1632,1635,1614,1628,1625,397786
2007-04-19,1636,1638,1622,1631,1629,216692
2007-04-20,1633,1634,1623,1630,1626,178386
2007-04-23,1621,1635,1621,1634,1629,133621
2007-04-24,1628,1635,1628,1630,1630,107895
2007-04-25,1627,1637,1627,1635,1633,109205
2007-04-26,1642,1654,1642,1652,1648,205369
2007-04-27,1645,1647,1639,1643,1642,129530
2007-04-30,1634,1645,1633,1644,1640,107112
2007-05-08,1647,1654,1642,1653,1650,106977
2007-05-09,1651,1668,1651,1667,1664,183582
2007-05-10,1672,1676,1662,1664,1666,130888
2007-05-11,1660,1667,1655,1667,1660,143513
2007-05-14,1677,1685,1677,1680,1681,237520
2007-05-15,1678,1684,1674,1677,1679,151687
2007-05-16,1684,1690,1684,1685,1687,168037
2007-05-17,1689,1691,1680,1680,1685,122496
2007-05-18,1684,1686,1679,1686,1682,139785
2007-05-21,1680,1692,1680,1688,1688,146779
2007-05-22,1690,1696,1684,1685,1689,140279
2007-05-23,1684,1688,1682,1684,1684,113202
2007-05-24,1687,1692,1682,1683,1687,146484
2007-05-25,1680,1687,1680,1685,1684,76819
2007-05-28,1688,1690,1685,1686,1686,68578
2007-05-29,1684,1686,1669,1672,1676,142768
2007-05-30,1664,1669,1659,1665,1662,166369
2007-05-31,1674,1682,1673,1680,1677,109450
2007-06-01,1685,1685,1675,1680,1678,69457
2007-06-04,1681,1681,1675,1678,1677,46827
2007-06-05,1678,1682,1678,1682,1680,44853
2007-06-06,1681,1683,1679,1681,1680,41730
2007-06-07,1679,1681,1674,1678,1676,78875
2007-06-08,1683,1683,1663,1664,1670,115944
2007-06-11,1675,1675,1654,1660,1659,156911
2007-06-12,1663,1663,1644,1646,1651,186747
2007-06-13,1644,1648,1638,1643,1641,138555
2007-06-14,1650,1653,1645,1648,1648,109998
2007-06-15,1648,1650,1637,1638,1640,140065
2007-06-18,1645,1645,1614,1623,1627,313935
2007-06-19,1618,1622,1600,1600,1609,285648
2007-06-20,1585,1606,1585,1605,1595,249279
2007-06-21,1611,1613,1602,1612,1608,128821
2007-06-22,1605,1611,1600,1605,1604,127956
2007-06-25,1593,1604,1593,1601,1599,168611
2007-06-26,1600,1602,1572,1575,1583,318843
2007-06-27,1576,1576,1556,1556,1562,345842
2007-06-28,1540,1564,1540,1563,1556,267174
2007-06-29,1563,1573,1558,1562,1564,200881
2007-07-02,1569,1569,1551,1564,1559,191917
2007-07-03,1563,1570,1560,1565,1565,156164
2007-07-04,1561,1562,1543,1544,1551,343549
2007-07-05,1546,1546,1535,1535,1539,302837
2007-07-06,1533,1544,1533,1543,1539,179101
2007-07-09,1539,1543,1526,1530,1535,223047
2007-07-10,1531,1531,1502,1504,1514,301571
2007-07-11,1506,1507,1493,1498,1498,303187
2007-07-12,1497,1507,1489,1503,1498,261553
2007-07-13,1507,1511,1499,1500,1503,165049
2007-07-16,1483,1499,1483,1498,1491,165835
2007-07-17,1490,1512,1488,1507,1504,260252
2007-07-18,1506,1511,1501,1505,1505,161076
2007-07-19,1506,1518,1505,1512,1512,195457
2007-07-20,1517,1517,1503,1509,1507,190310
2007-07-23,1501,1514,1501,1508,1507,155434
2007-07-24,1507,1511,1488,1491,1496,259254
2007-07-25,1491,1492,1478,1483,1483,259405
2007-07-26,1481,1496,1474,1495,1486,273284
2007-07-27,1498,1502,1489,1491,1496,203876
2007-07-30,1496,1517,1495,1516,1508,260988
2007-07-31,1516,1529,1515,1527,1522,314623
2007-08-01,1530,1533,1519,1520,1525,268776
2007-08-02,1526,1534,1522,1534,1526,174023
2007-08-03,1531,1561,1531,1555,1549,455723
2007-08-06,1550,1571,1550,1564,1563,336385
2007-08-07,1567,1568,1542,1542,1550,290298
2007-08-08,1549,1552,1533,1537,1541,298966
2007-08-09,1537,1555,1535,1550,1546,287001
2007-08-10,1541,1549,1537,1546,1542,202843
2007-08-13,1553,1580,1550,1574,1568,426936
2007-08-14,1570,1577,1564,1573,1569,290757
2007-08-15,1569,1582,1562,1563,1571,329831
2007-08-16,1555,1559,1542,1549,1548,322353
2007-08-17,1532,1549,1528,1543,1540,308888
2007-08-20,1549,1562,1549,1560,1556,196341
2007-08-21,1565,1570,1563,1566,1565,185035
2007-08-22,1571,1574,1561,1561,1565,200658
2007-08-23,1571,1577,1563,1565,1570,263277
2007-08-24,1563,1570,1555,1568,1562,227475
2007-08-27,1563,1574,1563,1571,1569,150634
2007-08-28,1573,1597,1567,1596,1583,330902
2007-08-29,1592,1600,1589,1595,1595,280276
2007-08-30,1594,1610,1594,1600,1602,308580
2007-08-31,1603,1615,1598,1609,1605,329176
2007-09-03,1610,1621,1605,1617,1615,252717
2007-09-04,1622,1644,1605,1613,1628,460339
2007-09-05,1625,1627,1596,1608,1611,333190
2007-09-06,1600,1620,1597,1620,1609,302374
2007-09-07,1617,1633,1615,1626,1626,310194
2007-09-10,1635,1660,1635,1659,1649,370020
2007-09-11,1660,1662,1640,1643,1648,297087
2007-09-12,1643,1664,1641,1660,1654,312252
2007-09-13,1669,1674,1657,1662,1666,310050
2007-09-14,1659,1660,1651,1653,1653,173976
2007-09-17,1661,1665,1648,1658,1656,288695
2007-09-18,1659,1665,1652,1655,1657,255942
2007-09-19,1657,1663,1633,1639,1647,329409
2007-09-20,1639,1651,1636,1641,1642,192939
2007-09-21,1647,1655,1638,1640,1645,260863
2007-09-24,1638,1641,1613,1616,1624,242998
2007-09-25,1610,1620,1604,1618,1613,204808
2007-09-26,1615,1647,1615,1642,1634,255335
2007-09-27,1648,1658,1640,1644,1648,217396
2007-09-28,1648,1656,1636,1655,1644,171916
2007-10-08,1631,1656,1624,1649,1644,243834
2007-10-09,1649,1663,1647,1653,1654,277697
2007-10-10,1656,1659,1645,1651,1649,219951
2007-10-11,1653,1658,1635,1636,1644,261466
2007-10-12,1634,1641,1626,1637,1631,191831
2007-10-15,1637,1653,1634,1651,1643,198655
2007-10-16,1657,1658,1649,1652,1653,172916
2007-10-17,1649,1653,1637,1638,1643,201810
2007-10-18,1638,1646,1631,1645,1637,232187
2007-10-19,1650,1657,1646,1650,1651,204048
2007-10-22,1642,1645,1632,1635,1636,142783
2007-10-23,1640,1644,1627,1640,1635,202072
2007-10-24,1641,1649,1635,1639,1640,159554
2007-10-25,1636,1640,1630,1634,1633,167905
2007-10-26,1641,1646,1640,1641,1643,170065
2007-10-29,1646,1713,1644,1713,1688,601494
2007-10-30,1713,1724,1693,1703,1707,683505
2007-10-31,1688,1716,1687,1701,1700,496669
2007-11-01,1716,1722,1705,1712,1712,307658
2007-11-02,1703,1735,1698,1731,1721,522449
2007-11-05,1736,1762,1734,1753,1749,589382
2007-11-06,1761,1769,1749,1759,1760,429744
2007-11-07,1769,1781,1762,1765,1771,428606
2007-11-08,1761,1773,1756,1767,1765,258910
2007-11-09,1769,1780,1765,1777,1772,344011
2007-11-12,1781,1786,1767,1769,1774,350354
2007-11-13,1766,1777,1755,1777,1766,312520
2007-11-14,1775,1784,1773,1780,1778,322060
2007-11-15,1789,1789,1765,1766,1776,386241
2007-11-16,1763,1777,1735,1742,1756,461720
2007-11-19,1750,1760,1746,1755,1751,286254
2007-11-20,1747,1748,1708,1720,1722,488642
2007-11-21,1736,1750,1727,1749,1737,295067
2007-11-22,1750,1780,1748,1775,1767,398792
2007-11-23,1774,1806,1771,1799,1791,570876
2007-11-26,1814,1818,1790,1795,1803,427150
2007-11-27,1783,1797,1777,1784,1786,451063
2007-11-28,1783,1798,1768,1770,1785,594506
2007-11-29,1779,1786,1769,1776,1778,395694
2007-11-30,1774,1777,1752,1761,1760,472964
2007-12-03,1770,1773,1761,1768,1766,235728
2007-12-04,1771,1775,1757,1766,1764,289884
2007-12-05,1776,1776,1760,1767,1765,229974
2007-12-06,1762,1764,1738,1738,1750,338840
2007-12-07,1746,1748,1731,1748,1740,266825
2007-12-10,1751,1757,1738,1754,1747,260822
2007-12-11,1753,1761,1746,1747,1753,219829
2007-12-12,1750,1750,1736,1741,1740,171962
2007-12-13,1750,1758,1745,1748,1750,206850
2007-12-14,1745,1749,1739,1745,1743,123995
2007-12-17,1749,1777,1749,1768,1767,426548
2007-12-18,1763,1763,1735,1738,1744,394486
2007-12-19,1733,1744,1731,1741,1739,168336
2007-12-20,1741,1746,1735,1740,1740,127949
2007-12-21,1739,1745,1733,1740,1738,105631
2007-12-24,1740,1750,1728,1736,1740,309126
2007-12-25,1733,1738,1731,1734,1734,103392
2007-12-26,1733,1750,1732,1749,1745,228527
2007-12-27,1757,1759,1718,1722,1734,272316
2007-12-28,1723,1730,1712,1723,1723,231980
2008-01-02,1723,1725,1705,1716,1718,179916
2008-01-03,1722,1729,1717,1722,1723,153968
2008-01-04,1727,1743,1722,1740,1738,206998
2008-01-07,1732,1761,1732,1761,1750,210073
2008-01-08,1759,1767,1750,1758,1760,243559
2008-01-09,1770,1770,1757,1768,1764,169388
2008-01-10,1762,1773,1761,1766,1766,166417
2008-01-11,1767,1769,1762,1764,1764,109857
2008-01-14,1776,1778,1772,1774,1777,221229
2008-01-15,1774,1776,1747,1751,1762,235574
2008-01-16,1750,1754,1730,1744,1744,325570
2008-01-17,1738,1751,1735,1748,1743,149477
2008-01-18,1742,1744,1723,1733,1732,282935
2008-01-21,1733,1735,1702,1704,1718,402483
2008-01-22,1671,1702,1671,1692,1689,358856
2008-01-23,1704,1708,1690,1701,1697,168181
2008-01-24,1690,1702,1688,1700,1697,125847
2008-01-25,1705,1711,1703,1707,1706,107231
2008-01-28,1705,1717,1704,1711,1711,102013
2008-01-29,1716,1719,1709,1718,1711,80772
2008-01-30,1716,1721,1712,1718,1716,128797
2008-01-31,1716,1719,1708,1714,1713,130718
2008-02-01,1718,1729,1715,1729,1721,113646
2008-02-04,1737,1749,1727,1743,1739,130199
2008-02-05,1749,1752,1739,1748,1746,78457
2008-02-13,1743,1752,1729,1752,1739,138400
2008-02-14,1751,1780,1748,1771,1768,334850
2008-02-15,1776,1783,1757,1758,1771,289262
2008-02-18,1759,1802,1758,1796,1786,583628
2008-02-19,1798,1801,1775,1782,1786,351027
2008-02-20,1785,1796,1773,1774,1783,464317
2008-02-21,1781,1789,1776,1780,1781,233401
2008-02-22,1774,1776,1764,1764,1767,208727
2008-02-25,1773,1793,1771,1786,1785,327434
2008-02-26,1791,1797,1769,1771,1780,325471
2008-02-27,1779,1784,1764,1767,1772,305028
2008-02-28,1766,1770,1760,1768,1764,169648
2008-02-29,1777,1795,1772,1792,1786,401598
2008-03-03,1798,1859,1796,1858,1837,721238
2008-03-04,1859,1879,1813,1841,1851,713002
2008-03-05,1823,1860,1816,1852,1843,717610
2008-03-06,1865,1879,1834,1851,1859,649280
2008-03-07,1830,1850,1828,1828,1836,532176
2008-03-10,1793,1816,1791,1814,1809,574792
2008-03-11,1833,1843,1830,1840,1836,367804
2008-03-12,1841,1842,1812,1821,1830,392833
2008-03-13,1825,1828,1809,1827,1819,296177
2008-03-14,1827,1830,1814,1819,1819,212503
2008-03-17,1805,1825,1804,1821,1818,260919
2008-03-18,1795,1802,1759,1774,1781,1088591
2008-03-19,1791,1815,1783,1810,1797,531234
2008-03-20,1769,1808,1756,1804,1780,1059871
2008-03-21,1784,1809,1784,1793,1794,388660
2008-03-24,1802,1803,1783,1784,1789,274081
2008-03-25,1799,1800,1774,1783,1782,343894
2008-03-26,1794,1794,1778,1779,1785,340460
2008-03-27,1780,1793,1773,1787,1786,247809
2008-03-28,1788,1800,1786,1798,1792,301205
2008-03-31,1803,1841,1800,1833,1824,524061
2008-04-01,1809,1813,1786,1792,1799,836192
2008-04-02,1810,1815,1800,1803,1806,336201
2008-04-03,1811,1817,1800,1801,1805,278316
2008-04-07,1798,1802,1793,1799,1796,228769
2008-04-08,1792,1796,1780,1783,1788,280513
2008-04-09,1787,1796,1778,1791,1788,324116
2008-04-10,1802,1806,1798,1801,1800,227781
2008-04-11,1798,1832,1793,1826,1819,517576
2008-04-14,1823,1846,1823,1837,1834,410388
2008-04-15,1843,1853,1837,1844,1844,314322
2008-04-16,1847,1854,1840,1844,1846,294394
2008-04-17,1842,1850,1839,1841,1843,179183
2008-04-18,1840,1857,1838,1845,1846,234041
2008-04-21,1839,1844,1824,1825,1829,358347
2008-04-22,1817,1835,1817,1826,1829,199459
2008-04-23,1838,1840,1829,1834,1833,184950
2008-04-24,1829,1851,1827,1848,1839,257434
2008-04-25,1840,1851,1837,1844,1844,232908
2008-04-28,1846,1901,1846,1898,1891,643821
2008-04-29,1900,1907,1892,1895,1897,374945
2008-04-30,1891,1900,1887,1898,1892,252067
2008-05-05,1897,1916,1897,1897,1914,281744
2008-05-06,1901,1915,1901,1911,1912,212695
2008-05-07,1919,1925,1910,1912,1917,257055
2008-05-08,1917,1928,1911,1919,1920,261178
2008-05-09,1926,1934,1922,1924,1925,351362
2008-05-12,1929,1940,1926,1934,1933,416544
2008-05-13,1928,1930,1915,1917,1921,260075
2008-05-14,1921,1922,1905,1907,1909,196848
2008-05-15,1902,1906,1892,1893,1898,208948
2008-05-16,1895,1901,1895,1897,1897,158689
2008-05-19,1889,1892,1875,1879,1882,251521
2008-05-20,1877,1891,1877,1889,1886,159473
2008-05-21,1889,1891,1872,1874,1879,215127
2008-05-22,1884,1890,1867,1875,1880,233882
2008-05-23,1865,1876,1857,1872,1866,236662
2008-05-26,1874,1892,1857,1890,1876,351798
2008-05-27,1892,1898,1883,1892,1891,198414
2008-05-28,1884,1890,1881,1884,1884,160969
2008-05-29,1883,1884,1868,1871,1875,201493
2008-05-30,1867,1870,1855,1861,1860,327259
2008-06-02,1869,1873,1865,1867,1869,127829
2008-06-03,1874,1880,1867,1877,1874,175538
2008-06-04,1871,1874,1866,1868,1868,96011
2008-06-05,1875,1876,1867,1868,1871,80584
2008-06-06,1883,1901,1878,1889,1891,287405
2008-06-10,1895,1904,1894,1899,1897,179371
2008-06-11,1901,1909,1883,1888,1895,235299
2008-06-12,1906,1915,1893,1896,1903,334313
2008-06-13,1896,1911,1885,1905,1901,285052
2008-06-16,1915,1920,1909,1915,1914,260024
2008-06-17,1908,1910,1899,1901,1901,167918
2008-06-18,1903,1905,1895,1901,1898,156929
2008-06-19,1901,1909,1898,1899,1903,172263
2008-06-20,1895,1925,1891,1907,1908,402376
2008-06-23,1903,1922,1901,1918,1915,345691
2008-06-24,1919,1930,1910,1913,1918,345208
2008-06-25,1911,1916,1902,1912,1910,199475
2008-06-26,1916,1920,1911,1916,1914,159808
2008-06-27,1927,1927,1915,1918,1918,177053
2008-06-30,1919,1939,1916,1938,1931,352368
2008-07-01,1927,1933,1922,1925,1926,240860
2008-07-02,1929,1932,1924,1926,1926,129451
2008-07-03,1932,1938,1912,1920,1925,288064
2008-07-04,1919,1926,1919,1925,1922,77601
2008-07-07,1919,1921,1902,1904,1909,199981
2008-07-08,1890,1893,1881,1882,1886,228199
2008-07-09,1884,1892,1879,1884,1885,138303
2008-07-10,1891,1891,1875,1878,1881,151795
2008-07-11,1883,1955,1862,1909,1899,674950
2008-07-14,1894,1914,1892,1900,1901,222490
2008-07-15,1903,1920,1899,1916,1911,234352
2008-07-16,1908,1920,1907,1910,1912,176641
2008-07-17,1913,1917,1910,1911,1913,106086
2008-07-18,1902,1909,1897,1903,1901,157406
2008-07-21,1893,1898,1881,1888,1889,178783
2008-07-22,1873,1893,1873,1892,1885,153961
2008-07-23,1890,1894,1883,1888,1887,146881
2008-07-24,1891,1895,1886,1894,1890,113731
2008-07-25,1894,1898,1890,1891,1893,110108
2008-07-28,1894,1896,1877,1886,1886,163625
2008-07-29,1885,1885,1853,1854,1868,241619
2008-07-30,1863,1863,1843,1856,1853,227547
2008-07-31,1858,1864,1840,1842,1848,189106
2008-08-01,1836,1836,1821,1823,1826,192265
2008-08-04,1813,1813,1790,1797,1800,271142
2008-08-05,1778,1803,1766,1785,1784,476728
2008-08-06,1789,1804,1787,1796,1795,171910
2008-08-07,1789,1799,1786,1798,1792,119746
2008-08-08,1804,1804,1793,1793,1796,81846
2008-08-11,1776,1783,1766,1771,1773,227771
2008-08-12,1774,1797,1764,1787,1779,205740
2008-08-13,1791,1796,1783,1793,1791,167339
2008-08-14,1809,1810,1781,1781,1794,238261
2008-08-15,1765,1771,1748,1749,1761,310048
2008-08-18,1756,1764,1750,1757,1754,204072
2008-08-19,1753,1754,1733,1737,1738,249556
2008-08-20,1746,1765,1738,1762,1751,257531
2008-08-21,1763,1768,1755,1761,1760,124372
2008-08-22,1764,1769,1750,1754,1759,135433
2008-08-25,1757,1771,1749,1768,1760,144848
2008-08-26,1762,1780,1759,1772,1772,229011
2008-08-27,1782,1787,1776,1785,1781,166338
2008-08-28,1785,1787,1777,1783,1782,99102
2008-08-29,1778,1794,1777,1793,1788,125474
2008-09-01,1792,1806,1792,1803,1815,120104
2008-09-02,1802,1809,1790,1790,1800,163579
2008-09-03,1795,1795,1778,1783,1786,139102
2008-09-04,1783,1788,1768,1771,1778,135533
2008-09-05,1763,1768,1757,1762,1762,115100
2008-09-08,1757,1768,1754,1754,1761,115904
2008-09-09,1749,1755,1732,1744,1741,188066
2008-09-10,1742,1755,1741,1753,1748,142479
2008-09-11,1747,1750,1742,1749,1745,90182
2008-09-12,1752,1760,1749,1756,1754,101480
2008-09-16,1752,1752,1721,1726,1732,236216
2008-09-17,1720,1744,1718,1736,1728,199802
2008-09-18,1744,1745,1731,1743,1739,184702
2008-09-19,1739,1763,1738,1762,1756,233924
2008-09-22,1771,1779,1763,1777,1769,174234
2008-09-23,1785,1785,1752,1754,1764,169897
2008-09-24,1751,1758,1748,1757,1753,153594
2008-09-25,1749,1758,1749,1754,1753,75446
2008-09-26,1752,1757,1748,1756,1751,85928
2008-10-06,1664,1667,1662,1662,1661,117460
2008-10-07,1602,1667,1602,1666,1639,588117
2008-10-08,1661,1672,1641,1655,1656,429692
2008-10-09,1668,1670,1658,1668,1663,195666
2008-10-10,1653,1654,1599,1621,1618,635604
2008-10-13,1603,1681,1600,1651,1641,617955
2008-10-14,1671,1694,1641,1641,1666,450749
2008-10-15,1625,1653,1620,1650,1635,363949
2008-10-16,1619,1645,1615,1631,1633,397397
2008-10-17,1666,1685,1647,1671,1666,412017
2008-10-20,1709,1714,1686,1702,1697,468416
2008-10-21,1698,1700,1663,1664,1676,262548
2008-10-22,1658,1666,1651,1656,1657,195557
2008-10-23,1639,1666,1635,1663,1645,287489
2008-10-24,1671,1675,1653,1655,1659,173604
2008-10-27,1654,1656,1636,1647,1646,171482
2008-10-28,1672,1672,1652,1665,1660,150812
2008-10-29,1651,1666,1650,1663,1658,106373
2008-10-30,1672,1672,1665,1668,1668,102853
2008-10-31,1661,1665,1656,1658,1660,75455
2008-11-03,1656,1658,1646,1652,1652,81110
2008-11-04,1651,1654,1631,1633,1641,93644
2008-11-05,1642,1647,1633,1641,1639,89700
2008-11-06,1621,1637,1620,1630,1627,79936
2008-11-07,1630,1639,1625,1637,1633,99135
2008-11-10,1648,1648,1639,1642,1642,77519
2008-11-11,1644,1644,1609,1625,1621,222927
2008-11-12,1621,1628,1598,1604,1610,214032
2008-11-13,1599,1600,1581,1585,1588,164364
2008-11-14,1588,1595,1583,1589,1588,149404
2008-11-17,1591,1617,1584,1603,1601,154038
2008-11-18,1603,1614,1594,1600,1604,98591
2008-11-19,1602,1610,1591,1608,1599,101092
2008-11-20,1596,1616,1595,1616,1607,147587
2008-11-21,1607,1614,1596,1610,1606,187022
2008-11-24,1606,1611,1600,1601,1603,71656
2008-11-25,1614,1614,1590,1594,1596,107381
2008-11-26,1594,1598,1587,1593,1592,91686
2008-11-27,1596,1596,1574,1576,1582,118578
2008-11-28,1576,1578,1559,1563,1569,144487
2008-12-01,1557,1558,1538,1544,1546,135542
2008-12-02,1537,1541,1518,1518,1531,129134
2008-12-03,1520,1531,1516,1524,1523,126065
2008-12-04,1528,1537,1518,1522,1526,142979
2008-12-05,1515,1516,1452,1470,1475,311742
2008-12-08,1467,1499,1464,1486,1484,209545
2008-12-09,1466,1495,1466,1484,1486,123705
2008-12-10,1484,1495,1483,1492,1489,83194
2008-12-11,1492,1495,1458,1461,1470,244931
2008-12-12,1463,1484,1453,1474,1472,199846
2008-12-15,1488,1507,1486,1501,1495,170222
2008-12-16,1493,1495,1478,1489,1486,132914
2008-12-17,1498,1502,1486,1491,1492,99413
2008-12-18,1485,1507,1479,1480,1495,259922
2008-12-19,1476,1512,1471,1511,1487,270474
2008-12-22,1527,1535,1513,1529,1524,291988
2008-12-23,1523,1542,1519,1535,1532,213355
2008-12-24,1541,1547,1525,1541,1535,187790
2008-12-25,1540,1548,1533,1537,1538,115352
2008-12-26,1539,1542,1527,1541,1533,127300
2008-12-29,1557,1564,1546,1560,1556,185078
2008-12-30,1550,1559,1550,1558,1556,83826
2008-12-31,1556,1570,1555,1566,1560,99754
2009-01-05,1569,1580,1565,1573,1573,116993
2009-01-06,1576,1576,1560,1560,1567,134891
2009-01-07,1565,1574,1547,1548,1560,151140
2009-01-08,1538,1573,1538,1572,1556,170806
2009-01-09,1576,1584,1567,1579,1574,121037
2009-01-12,1580,1590,1575,1580,1583,90941
2009-01-13,1549,1573,1549,1568,1566,116642
2009-01-14,1570,1576,1564,1572,1569,69224
2009-01-15,1568,1571,1564,1567,1567,38995
2009-01-16,1569,1575,1566,1572,1570,51921
2009-01-19,1574,1582,1573,1577,1575,41014
2009-01-20,1578,1580,1563,1568,1568,50030
2009-01-21,1564,1570,1563,1569,1567,21664
2009-01-22,1573,1574,1566,1571,1568,20323
2009-01-23,1569,1602,1567,1600,1588,64106
2009-02-02,1603,1606,1592,1600,1599,59138
2009-02-03,1604,1614,1597,1612,1607,77483
2009-02-04,1613,1621,1608,1611,1612,94619
2009-02-05,1608,1611,1602,1602,1605,37915
2009-02-06,1605,1611,1602,1608,1606,47555
2009-02-09,1607,1621,1607,1611,1614,66546
2009-02-10,1609,1619,1607,1617,1611,33805
2009-02-11,1613,1644,1613,1641,1635,175402
2009-02-12,1640,1647,1631,1640,1637,61353
2009-02-13,1641,1643,1636,1641,1640,38100
2009-02-16,1639,1660,1639,1657,1656,117266
2009-02-17,1659,1667,1649,1656,1661,92546
2009-02-18,1649,1652,1630,1641,1642,101270
2009-02-19,1649,1650,1642,1649,1645,48877
2009-02-20,1652,1667,1647,1663,1659,57928
2009-02-23,1661,1672,1661,1666,1668,67099
2009-02-24,1659,1677,1659,1667,1668,65443
2009-02-25,1670,1674,1657,1664,1663,85558
2009-02-26,1665,1670,1655,1656,1661,64112
2009-02-27,1655,1656,1646,1648,1650,66490
2009-03-02,1646,1657,1646,1653,1653,41486
2009-03-03,1648,1670,1646,1666,1660,67272
2009-03-04,1667,1670,1658,1670,1666,50804
2009-03-05,1676,1676,1667,1669,1670,46822
2009-03-06,1666,1671,1666,1669,1667,25947
2009-03-09,1671,1684,1671,1676,1677,85603
2009-03-10,1675,1680,1670,1676,1674,39402
2009-03-11,1676,1679,1670,1670,1673,38933
2009-03-12,1668,1671,1660,1667,1664,57430
2009-03-13,1673,1675,1666,1675,1669,36078
2009-03-16,1673,1700,1673,1698,1691,142056
2009-03-17,1703,1703,1693,1697,1697,77916
2009-03-18,1698,1703,1694,1697,1697,60712
2009-03-19,1702,1708,1700,1705,1704,54193
2009-03-20,1704,1712,1696,1698,1703,70260
2009-03-23,1700,1708,1698,1703,1703,53034
2009-03-24,1702,1708,1697,1701,1702,53144
2009-03-25,1701,1704,1688,1692,1698,45180
2009-03-26,1692,1698,1690,1696,1693,35404
2009-03-27,1696,1701,1685,1690,1693,49212
2009-03-30,1688,1693,1685,1686,1687,36614
2009-03-31,1686,1692,1686,1687,1688,37728
2009-04-01,1691,1696,1679,1680,1688,43119
2009-04-02,1683,1684,1673,1681,1678,76454
2009-04-03,1684,1687,1674,1676,1677,42084
2009-04-07,1676,1690,1672,1685,1680,59059
2009-04-08,1683,1686,1676,1677,1679,30090
2009-04-09,1681,1684,1678,1682,1681,19789
2009-04-10,1683,1699,1679,1691,1689,54312
2009-04-13,1688,1695,1685,1689,1688,33758
2009-04-14,1689,1693,1679,1681,1684,55386
2009-04-15,1682,1685,1678,1681,1680,28240
2009-04-16,1682,1687,1675,1683,1680,44123
2009-04-17,1683,1686,1678,1681,1681,20428
2009-04-20,1676,1681,1656,1657,1665,113668
2009-04-21,1656,1664,1647,1664,1658,117576
2009-04-22,1667,1671,1663,1667,1665,51826
2009-04-23,1668,1688,1665,1685,1676,121472
2009-04-24,1688,1692,1678,1681,1683,51362
2009-04-27,1668,1671,1642,1655,1651,206005
2009-04-28,1666,1667,1654,1661,1660,80453
2009-04-29,1662,1667,1656,1665,1663,52407
2009-04-30,1671,1672,1657,1666,1664,55809
2009-05-04,1674,1674,1661,1663,1666,48549
2009-05-05,1660,1662,1655,1659,1661,33757
2009-05-06,1662,1668,1657,1663,1661,41615
2009-05-07,1665,1666,1658,1660,1662,25329
2009-05-08,1661,1664,1654,1664,1659,35112
2009-05-11,1665,1665,1653,1659,1657,35382
2009-05-12,1658,1662,1655,1661,1657,19133
2009-05-13,1662,1666,1662,1663,1663,28851
2009-05-14,1660,1668,1658,1664,1663,32543
2009-05-15,1666,1683,1664,1675,1674,74638
2009-05-18,1669,1684,1667,1673,1673,45622
2009-05-19,1676,1679,1670,1672,1671,38621
2009-05-20,1671,1676,1670,1673,1672,37906
2009-05-21,1674,1674,1669,1670,1670,17737
2009-05-22,1672,1672,1660,1666,1664,42764
2009-05-25,1668,1668,1661,1663,1663,28187
2009-05-26,1661,1668,1657,1657,1661,44108
2009-05-27,1656,1662,1656,1659,1657,19495
2009-06-01,1661,1675,1661,1675,1667,41999
2009-06-02,1673,1688,1670,1672,1677,52523
2009-06-03,1671,1681,1671,1680,1677,51785
2009-06-04,1675,1678,1670,1671,1673,58924
2009-06-05,1675,1677,1649,1651,1660,149048
2009-06-08,1645,1648,1628,1629,1639,140090
2009-06-09,1632,1640,1629,1637,1634,115234
2009-06-10,1639,1645,1635,1638,1640,95369
2009-06-11,1638,1643,1633,1641,1637,47652
2009-06-12,1646,1646,1637,1637,1640,45156
2009-06-15,1618,1633,1618,1628,1626,90109
2009-06-16,1622,1630,1621,1629,1626,44303
2009-06-17,1628,1640,1625,1640,1632,57761
2009-06-18,1640,1641,1634,1634,1635,28475
2009-06-19,1635,1639,1633,1634,1635,26373
2009-06-22,1632,1637,1627,1633,1632,43021
2009-06-23,1631,1646,1630,1641,1638,56838
2009-06-24,1641,1642,1631,1634,1634,43011
2009-06-25,1634,1639,1633,1637,1636,28936
2009-06-26,1636,1642,1636,1639,1639,35092
2009-06-29,1639,1643,1638,1640,1640,25547
2009-06-30,1642,1646,1639,1641,1641,33728
2009-07-01,1635,1645,1635,1644,1640,30415
2009-07-02,1644,1648,1642,1643,1644,24606
2009-07-03,1643,1644,1633,1636,1637,36379
2009-07-06,1634,1635,1620,1621,1627,63996
2009-07-07,1620,1629,1617,1627,1624,50457
2009-07-08,1623,1625,1612,1617,1618,58685
2009-07-09,1618,1622,1616,1620,1619,19713
2009-07-10,1620,1640,1620,1636,1632,77879
2009-07-13,1640,1645,1633,1635,1638,49895
2009-07-14,1634,1640,1634,1638,1636,19945
2009-07-15,1641,1641,1635,1637,1637,31485
2009-07-16,1639,1639,1624,1626,1628,41554
2009-07-17,1623,1629,1621,1628,1625,24562
2009-07-20,1634,1634,1628,1632,1630,16032
2009-07-21,1631,1634,1627,1629,1629,18942
2009-07-22,1626,1631,1625,1630,1627,17640
2009-07-23,1633,1635,1630,1632,1632,19164
2009-07-24,1637,1637,1630,1633,1632,24156
2009-07-27,1633,1635,1630,1633,1632,48489
2009-07-28,1633,1640,1633,1639,1636,32639
2009-07-29,1638,1639,1630,1633,1634,40275
2009-07-30,1631,1634,1630,1632,1631,28674
2009-07-31,1634,1647,1631,1646,1639,71973
2009-08-03,1651,1656,1646,1653,1651,80167
2009-08-04,1654,1657,1644,1649,1649,44105
2009-08-05,1648,1653,1647,1649,1650,41560
2009-08-06,1649,1649,1644,1645,1645,24353
2009-08-07,1642,1643,1633,1635,1637,46165
2009-08-10,1635,1645,1633,1645,1640,33546
2009-08-11,1643,1652,1643,1649,1648,42477
2009-08-12,1650,1651,1646,1647,1648,39440
2009-08-13,1650,1720,1650,1708,1697,464708
2009-08-14,1704,1716,1688,1696,1702,428474
2009-08-17,1689,1720,1676,1703,1704,518145
2009-08-18,1708,1729,1705,1707,1716,371084
2009-08-19,1711,1714,1676,1677,1688,279768
2009-08-20,1683,1699,1683,1694,1691,173397
2009-08-21,1692,1705,1689,1704,1700,126230
2009-08-24,1720,1737,1718,1733,1728,187406
2009-08-25,1732,1737,1721,1726,1728,141763
2009-08-26,1720,1731,1720,1727,1726,92405
2009-08-27,1729,1752,1723,1749,1742,308454
2009-08-28,1751,1760,1749,1759,1755,201948
2009-08-31,1764,1770,1738,1742,1747,220903
2009-09-01,1742,1760,1734,1741,1747,233888
2009-09-02,1731,1741,1727,1736,1734,174536
2009-09-03,1740,1753,1739,1749,1746,112577
2009-09-04,1747,1749,1739,1742,1742,73356
2009-09-07,1739,1742,1733,1736,1737,85485
2009-09-08,1733,1747,1733,1744,1740,75436
2009-09-09,1745,1748,1732,1737,1739,90481
2009-09-10,1739,1743,1732,1734,1737,58609
2009-09-11,1734,1736,1717,1723,1725,119475
2009-09-14,1716,1734,1712,1728,1726,110829
2009-09-15,1730,1733,1723,1729,1727,44338
2009-09-16,1740,1743,1734,1736,1737,65449
2009-09-17,1734,1741,1731,1737,1736,72126
2009-09-18,1735,1746,1735,1744,1740,100848
2009-09-21,1744,1745,1736,1739,1738,41237
2009-09-22,1737,1739,1731,1732,1734,37419
2009-09-23,1734,1736,1729,1730,1731,32969
2009-09-24,1730,1731,1718,1723,1722,64646
2009-09-25,1723,1726,1714,1716,1717,40998
2009-09-28,1717,1718,1702,1709,1707,51602
2009-09-29,1711,1719,1708,1718,1713,23345
2009-09-30,1714,1725,1714,1718,1716,19182
2009-10-09,1726,1727,1714,1718,1717,25047
2009-10-12,1720,1720,1711,1719,1715,42529
2009-10-13,1721,1741,1721,1733,1733,84820
2009-10-14,1733,1739,1732,1736,1736,38631
2009-10-15,1736,1742,1732,1733,1735,34261
2009-10-16,1732,1747,1730,1745,1740,73869
2009-10-19,1741,1754,1741,1747,1748,56745
2009-10-20,1753,1754,1742,1744,1746,43071
2009-10-21,1745,1749,1739,1747,1745,35892
2009-10-22,1750,1755,1741,1742,1746,35705
2009-10-23,1744,1754,1744,1753,1748,43772
2009-10-26,1754,1754,1748,1750,1750,27139
2009-10-27,1748,1748,1742,1744,1744,30484
2009-10-28,1742,1743,1733,1738,1736,44369
2009-10-29,1735,1747,1733,1741,1739,49156
2009-10-30,1745,1746,1738,1739,1741,17955
2009-11-02,1734,1744,1734,1744,1740,28470
2009-11-03,1748,1748,1742,1743,1743,23903
2009-11-04,1744,1746,1738,1739,1740,23813
2009-11-05,1738,1741,1737,1740,1739,14633
2009-11-06,1740,1743,1736,1738,1739,22290
2009-11-09,1737,1741,1737,1739,1737,24088
2009-11-10,1742,1751,1738,1750,1744,64262
2009-11-11,1752,1764,1750,1753,1758,120955
2009-11-12,1753,1761,1751,1760,1756,60493
2009-11-13,1762,1769,1758,1761,1762,81350
2009-11-16,1764,1775,1761,1768,1768,81413
2009-11-17,1773,1774,1766,1769,1769,45422
2009-11-18,1771,1772,1766,1771,1768,41125
2009-11-19,1770,1778,1769,1773,1773,62266
2009-11-20,1774,1780,1769,1775,1774,53805
2009-11-23,1779,1794,1775,1792,1786,89988
2009-11-24,1788,1798,1781,1783,1789,75765
2009-11-25,1787,1791,1784,1791,1786,38229
2009-11-26,1795,1802,1793,1796,1796,63194
2009-11-27,1791,1794,1769,1778,1782,77695
2009-11-30,1786,1796,1784,1795,1792,65962
2009-12-01,1796,1803,1795,1800,1799,54098
2009-12-02,1801,1802,1795,1799,1798,36181
2009-12-03,1797,1804,1795,1800,1801,68964
2009-12-04,1798,1803,1793,1799,1797,51563
2009-12-07,1797,1808,1796,1806,1804,67201
2009-12-08,1807,1813,1805,1807,1807,50536
2009-12-09,1804,1821,1802,1812,1812,88569
2009-12-10,1810,1829,1810,1821,1822,126641
2009-12-11,1832,1832,1818,1819,1821,68690
2009-12-14,1822,1826,1814,1820,1819,75791
2009-12-15,1822,1831,1821,1831,1826,73516
2009-12-16,1830,1835,1828,1834,1832,58788
2009-12-17,1837,1839,1831,1833,1835,51972
2009-12-18,1831,1832,1825,1827,1826,36591
2009-12-21,1829,1829,1825,1828,1827,19599
2009-12-22,1827,1827,1821,1822,1823,27773
2009-12-23,1822,1824,1810,1815,1814,43798
2009-12-24,1818,1820,1813,1819,1816,22048
2009-12-25,1820,1821,1817,1819,1818,20844
2009-12-28,1822,1844,1819,1843,1835,64762
2009-12-29,1845,1847,1836,1839,1841,42577
2009-12-30,1841,1841,1836,1837,1837,41096
2009-12-31,1840,1844,1836,1843,1839,25835
2010-01-04,1848,1872,1845,1868,1864,115038
2010-01-05,1869,1879,1866,1868,1871,56981
2010-01-06,1871,1893,1866,1886,1882,90676
2010-01-07,1887,1898,1864,1877,1881,91148
2010-01-08,1877,1908,1875,1907,1897,318920
2010-01-11,1913,1918,1902,1905,1907,124740
2010-01-12,1900,1905,1891,1893,1897,102892
2010-01-13,1873,1881,1866,1873,1874,119436
2010-01-14,1882,1888,1878,1881,1882,56430
2010-01-15,1880,1882,1875,1877,1878,41212
2010-01-18,1874,1882,1874,1882,1879,36147
2010-01-19,1884,1888,1880,1882,1883,30330
2010-01-20,1882,1884,1875,1877,1878,29139
2010-01-21,1876,1883,1875,1882,1878,42626
2010-01-22,1881,1882,1858,1865,1866,101404
2010-01-25,1867,1867,1855,1856,1859,47984
2010-01-26,1855,1858,1849,1849,1852,43813
2010-01-27,1849,1855,1845,1852,1850,40466
2010-01-28,1844,1848,1835,1836,1840,50527
2010-01-29,1839,1847,1836,1846,1841,41770
2010-02-01,1844,1846,1836,1838,1837,38440
2010-02-02,1840,1843,1832,1836,1837,37770
2010-02-03,1896,1896,1841,1853,1849,57861
2010-02-04,1844,1844,1837,1839,1839,32886
2010-02-05,1837,1841,1834,1840,1837,20877
2010-02-08,1840,1844,1839,1840,1841,15897
2010-02-09,1841,1842,1836,1840,1837,21927
2010-02-10,1840,1849,1837,1848,1841,29256
2010-02-11,1851,1851,1845,1845,1847,15781
2010-02-12,1852,1852,1846,1849,1847,10219
2010-02-22,1856,1856,1851,1855,1853,17113
2010-02-23,1855,1868,1855,1867,1862,43991
2010-02-24,1863,1867,1863,1865,1864,19189
2010-02-25,1867,1869,1861,1863,1864,19315
2010-02-26,1864,1866,1858,1858,1861,26846
2010-03-01,1863,1873,1862,1870,1868,32465
2010-03-02,1867,1869,1862,1864,1864,20205
2010-03-03,1865,1868,1862,1864,1864,14242
2010-03-04,1864,1865,1856,1856,1858,24690
2010-03-05,1853,1857,1850,1856,1852,19102
2010-03-08,1856,1863,1855,1862,1858,15046
2010-03-09,1861,1866,1859,1863,1861,15805
2010-03-10,1862,1867,1860,1866,1864,18192
2010-03-11,1866,1869,1864,1867,1866,19676
2010-03-12,1868,1874,1866,1873,1870,24417
2010-03-15,1875,1889,1872,1888,1884,49636
2010-03-16,1889,1894,1884,1892,1887,32290
2010-03-17,1897,1897,1890,1895,1893,24271
2010-03-18,1896,1897,1887,1890,1889,18756
2010-03-19,1892,1904,1891,1903,1899,31127
2010-03-22,1904,1912,1901,1908,1907,26675
2010-03-23,1910,1914,1905,1906,1907,28256
2010-03-24,1904,1907,1900,1901,1902,20567
2010-03-25,1904,1912,1902,1909,1906,19912
2010-03-26,1907,1916,1904,1914,1912,30343
2010-03-29,1916,1939,1916,1937,1928,56725
2010-03-30,1937,1939,1929,1929,1933,54552
2010-03-31,1931,1934,1924,1926,1929,53412
2010-04-01,1923,1936,1923,1931,1930,38818
2010-04-02,1932,1934,1926,1932,1929,23402
2010-04-06,1933,1944,1931,1936,1938,39881
2010-04-07,1937,1937,1927,1931,1929,55388
2010-04-08,1931,1932,1902,1906,1911,140767
2010-04-09,1905,1909,1903,1904,1904,38996
2010-04-12,1902,1910,1891,1896,1900,60891
2010-04-13,1894,1915,1894,1913,1907,71267
2010-04-14,1914,1918,1911,1912,1913,27674
2010-04-15,1915,1915,1908,1912,1911,35143
2010-04-16,1914,1914,1910,1914,1912,17330
2010-04-19,1911,1928,1910,1924,1920,92337
2010-04-20,1924,1931,1922,1923,1925,49712
2010-04-21,1924,1927,1921,1926,1923,29389
2010-04-22,1927,1928,1922,1923,1923,16408
2010-04-23,1923,1927,1922,1925,1924,23478
2010-04-26,1926,1928,1913,1915,1919,52707
2010-04-27,1913,1934,1910,1933,1923,86002
2010-04-28,1928,1934,1919,1922,1925,96476
2010-04-29,1924,1925,1911,1914,1914,82713
2010-04-30,1915,1921,1912,1918,1915,43364
2010-05-04,1916,1921,1910,1919,1916,29862
2010-05-05,1915,1929,1915,1927,1923,53561
2010-05-06,1926,1934,1921,1922,1925,63106
2010-05-07,1915,1932,1915,1926,1924,86958
2010-05-10,1929,1949,1929,1946,1939,124402
2010-05-11,1947,1949,1935,1935,1942,100849
2010-05-12,1943,1947,1939,1941,1943,74313
2010-05-13,1942,1942,1933,1939,1936,80289
2010-05-14,1940,1946,1937,1938,1940,69503
2010-05-17,1935,1943,1920,1936,1930,171801
2010-05-18,1936,1957,1934,1949,1944,102421
2010-05-19,1947,1962,1943,1960,1954,132325
2010-05-20,1961,1975,1961,1968,1968,136412
2010-05-21,1969,1973,1960,1971,1967,104723
2010-05-24,1975,1977,1960,1962,1965,95638
2010-05-25,1958,1958,1946,1950,1952,129160
2010-05-26,1951,1957,1948,1955,1952,59395
2010-05-27,1955,1956,1949,1950,1950,57717
2010-05-28,1948,1950,1931,1932,1935,121395
2010-05-31,1933,1938,1926,1933,1931,93609
2010-06-01,1935,1938,1929,1934,1932,63582
2010-06-02,1932,1934,1909,1913,1917,148858
2010-06-03,1917,1917,1903,1906,1907,99619
2010-06-04,1911,1915,1901,1912,1908,95595
2010-06-07,1905,1905,1895,1900,1899,96202
2010-06-08,1901,1906,1885,1892,1893,130924
2010-06-09,1886,1894,1883,1894,1888,87934
2010-06-10,1890,1895,1883,1884,1887,74856
2010-06-11,1888,1896,1882,1895,1888,75004
2010-06-17,1898,1901,1886,1887,1892,44335
2010-06-18,1887,1888,1870,1874,1874,135046
2010-06-21,1877,1893,1876,1891,1885,147123
2010-06-22,1882,1895,1880,1889,1887,104513
2010-06-23,1889,1889,1878,1885,1882,76249
2010-06-24,1883,1894,1882,1893,1887,76034
2010-06-25,1892,1903,1891,1902,1898,103805
2010-06-28,1900,1903,1885,1886,1891,100011
2010-06-29,1889,1889,1875,1881,1879,99712
2010-06-30,1875,1885,1874,1885,1880,68452
2010-07-01,1889,1900,1889,1892,1894,85465
2010-07-02,1893,1901,1893,1901,1896,61392
2010-07-05,1898,1906,1897,1902,1900,59113
2010-07-06,1904,1905,1899,1904,1901,47613
2010-07-07,1902,1911,1899,1908,1905,50672
2010-07-08,1909,1914,1909,1912,1911,43789
2010-07-09,1913,1927,1912,1927,1918,77473
2010-07-12,1922,1942,1922,1934,1935,210235
2010-07-13,1932,1932,1920,1923,1925,121945
2010-07-14,1925,1929,1913,1915,1921,96833
2010-07-15,1922,1923,1911,1914,1915,89477
2010-07-16,1921,1939,1920,1938,1930,139885
2010-07-19,1934,1944,1932,1935,1936,107849
2010-07-20,1929,1945,1927,1942,1936,127248
2010-07-21,1944,1951,1933,1936,1943,168295
2010-07-22,1937,1940,1931,1935,1934,102721
2010-07-23,1938,1945,1933,1941,1939,94419
2010-07-26,1941,1949,1937,1947,1942,132493
2010-07-27,1941,1947,1939,1940,1941,119891
2010-07-28,1939,1949,1939,1947,1945,69052
2010-07-29,1951,1956,1943,1945,1946,99664
2010-07-30,1946,1948,1937,1942,1939,97358
2010-08-02,1950,1971,1948,1969,1959,212545
2010-08-03,1969,1972,1960,1963,1966,150306
2010-08-04,1964,1978,1963,1977,1973,161364
2010-08-05,1983,1988,1969,1970,1978,138394
2010-08-06,1974,1984,1970,1983,1977,134541
2010-08-09,1978,1988,1977,1984,1982,114105
2010-08-10,1984,1987,1974,1975,1979,131068
2010-08-11,1973,1980,1969,1970,1974,82809
2010-08-12,1969,1981,1968,1977,1975,84721
2010-08-13,1983,1988,1979,1986,1983,91007
2010-08-16,1991,2019,1990,2016,2011,219153
2010-08-17,2011,2023,2011,2021,2018,142663
2010-08-18,2026,2027,2006,2009,2015,103395
2010-08-19,2006,2016,2004,2014,2010,110839
2010-08-20,2007,2011,1997,1997,2003,97019
2010-08-23,2002,2011,2001,2007,2006,84969
2010-08-24,2004,2004,1989,1989,1997,106770
2010-08-25,1988,1991,1979,1985,1983,108145
2010-08-26,1985,1991,1982,1990,1986,65411
2010-08-27,1996,2005,1993,2005,1998,77917
2010-08-30,2008,2020,2007,2013,2014,94118
2010-08-31,2007,2008,1993,1995,1997,82357
2010-09-01,1998,2007,1998,2003,2001,74686
2010-09-02,2006,2013,1989,1992,1997,119586
2010-09-03,1989,2001,1984,1999,1993,140344
2010-09-06,2023,2024,2011,2019,2017,132595
2010-09-07,2016,2026,2011,2026,2017,120476
2010-09-08,2024,2050,2023,2035,2041,297814
2010-09-09,2038,2038,2013,2015,2019,153140
2010-09-10,2021,2030,2020,2025,2023,92226
2010-09-13,2025,2029,2011,2022,2022,149881
2010-09-14,2021,2027,2017,2020,2021,87935
2010-09-15,2030,2042,2025,2035,2035,187528
2010-09-16,2037,2039,2027,2031,2032,95491
2010-09-17,2037,2059,2035,2057,2047,202901
2010-09-20,2073,2110,2073,2107,2097,282033
2010-09-21,2088,2091,2068,2080,2078,159062
2010-09-27,2108,2114,2071,2073,2086,163843
2010-09-28,2066,2076,2058,2072,2068,94418
2010-09-29,2061,2067,2045,2050,2053,125628
2010-09-30,2053,2059,2048,2054,2054,66502
2010-10-08,2053,2074,2051,2059,2064,78758
2010-10-11,2145,2148,2129,2147,2142,294440
2010-10-12,2134,2137,2112,2120,2123,284429
2010-10-13,2129,2137,2121,2130,2129,200165
2010-10-14,2130,2136,2124,2130,2129,144968
2010-10-15,2128,2150,2119,2145,2137,206894
2010-10-18,2130,2169,2130,2153,2149,351682
2010-10-19,2154,2166,2148,2156,2157,265207
2010-10-20,2133,2179,2132,2173,2162,395958
2010-10-21,2187,2241,2179,2204,2212,1127297
2010-10-22,2200,2216,2194,2206,2205,501628
2010-10-25,2219,2260,2212,2242,2240,723299
2010-10-26,2238,2250,2216,2219,2233,352728
2010-10-27,2230,2247,2192,2192,2216,542601
2010-10-28,2208,2221,2202,2219,2212,356773
2010-10-29,2213,2219,2187,2204,2207,276624
2010-11-01,2220,2242,2220,2233,2233,269789
2010-11-02,2230,2233,2217,2222,2223,154971
2010-11-03,2222,2230,2209,2216,2221,146432
2010-11-04,2224,2230,2217,2229,2225,144977
2010-11-05,2243,2278,2243,2266,2264,390834
2010-11-08,2263,2278,2252,2270,2266,313801
2010-11-09,2261,2313,2261,2312,2291,408446
2010-11-10,2291,2329,2282,2299,2308,693048
2010-11-11,2293,2310,2287,2293,2299,392419
2010-11-12,2293,2293,2210,2245,2244,1166977
2010-11-15,2256,2333,2254,2325,2303,1314159
2010-11-16,2331,2336,2278,2282,2300,913237
2010-11-17,2227,2268,2220,2224,2240,1362949
2010-11-18,2258,2268,2218,2259,2245,996485
2010-11-19,2275,2277,2237,2251,2250,748155
2010-11-22,2229,2252,2229,2241,2244,457986
2010-11-23,2243,2248,2212,2218,2225,671681
2010-11-24,2234,2236,2225,2228,2225,335443
2010-11-25,2235,2261,2230,2235,2244,513000
2010-11-26,2239,2242,2210,2220,2224,507465
2010-11-29,2219,2228,2206,2227,2215,302364
2010-11-30,2233,2235,2211,2224,2217,198031
2010-12-01,2215,2228,2214,2223,2221,110758
2010-12-02,2239,2243,2231,2232,2234,122499
2010-12-03,2231,2234,2223,2229,2227,107029
2010-12-06,2237,2244,2232,2238,2239,127621
2010-12-07,2241,2256,2229,2256,2243,142788
2010-12-08,2243,2253,2239,2239,2244,118217
2010-12-09,2248,2273,2246,2264,2265,230171
2010-12-10,2264,2273,2260,2268,2266,117351
2010-12-13,2264,2282,2262,2278,2273,131895
2010-12-14,2283,2303,2281,2301,2292,187257
2010-12-15,2298,2303,2281,2283,2291,128017
2010-12-16,2284,2288,2278,2279,2281,66870
2010-12-17,2281,2288,2280,2285,2282,61340
2010-12-20,2297,2301,2286,2290,2294,112563
2010-12-21,2294,2296,2286,2292,2291,68806
2010-12-22,2293,2301,2288,2290,2294,90599
2010-12-23,2295,2311,2294,2307,2304,128713
2010-12-24,2311,2315,2304,2307,2308,94152
2010-12-27,2303,2306,2296,2298,2300,67188
2010-12-28,2303,2306,2285,2288,2298,69821
2010-12-29,2293,2293,2274,2282,2282,90368
2010-12-30,2278,2291,2274,2291,2282,56716
2010-12-31,2287,2292,2283,2289,2288,43302
2011-01-04,2290,2305,2289,2302,2300,61161
2011-01-05,2294,2299,2290,2295,2295,55689
2011-01-06,2306,2306,2297,2298,2301,55083
2011-01-07,2291,2296,2272,2273,2283,96920
2011-01-10,2277,2282,2273,2276,2279,61105
2011-01-11,2280,2284,2267,2276,2274,84475
2011-01-12,2272,2282,2272,2280,2277,46658
2011-01-13,2301,2313,2287,2291,2295,67082
2011-01-14,2293,2311,2290,2310,2305,135933
2011-01-17,2310,2331,2308,2319,2320,152476
2011-01-18,2322,2355,2310,2350,2334,195387
2011-01-19,2354,2355,2342,2344,2347,157770
2011-01-20,2332,2335,2318,2320,2324,137515
2011-01-21,2330,2331,2320,2323,2325,79326
2011-01-24,2326,2339,2318,2331,2330,123449
2011-01-25,2327,2344,2320,2326,2331,234510
2011-01-26,2316,2323,2304,2315,2313,121894
2011-01-27,2326,2329,2321,2324,2324,85008
2011-01-28,2321,2334,2321,2323,2325,76285
2011-01-31,2322,2348,2322,2343,2335,102503
2011-02-01,2346,2371,2344,2370,2360,162717
2011-02-09,2372,2435,2363,2414,2402,325796
2011-02-10,2424,2430,2407,2413,2418,222517
2011-02-11,2415,2441,2408,2423,2426,314919
2011-02-14,2430,2460,2415,2458,2448,381589
2011-02-15,2449,2454,2431,2432,2440,239481
2011-02-16,2415,2422,2403,2414,2410,208433
2011-02-17,2417,2439,2405,2412,2422,232355
2011-02-18,2431,2441,2418,2420,2429,305450
2011-02-21,2429,2429,2410,2420,2418,143116
2011-02-22,2435,2438,2410,2422,2422,229714
2011-02-23,2375,2389,2354,2375,2377,239515
2011-02-24,2387,2391,2365,2375,2376,158742
2011-02-25,2380,2399,2374,2398,2386,139559
2011-02-28,2410,2421,2401,2412,2410,183111
2011-03-01,2422,2422,2408,2409,2412,96584
2011-03-02,2406,2421,2398,2418,2410,164517
2011-03-03,2411,2419,2402,2404,2408,136357
2011-03-04,2414,2418,2401,2413,2410,138444
2011-03-07,2410,2430,2407,2427,2420,146529
2011-03-08,2415,2440,2403,2410,2420,322517
2011-03-09,2413,2419,2408,2412,2413,117221
2011-03-10,2408,2412,2399,2405,2403,163296
2011-03-11,2395,2402,2387,2391,2394,155137
2011-03-14,2387,2405,2377,2379,2388,268045
2011-03-15,2386,2393,2373,2391,2383,159378
2011-03-16,2367,2383,2362,2380,2373,169222
2011-03-17,2378,2393,2372,2391,2381,182198
2011-03-18,2409,2411,2393,2395,2399,117882
2011-03-21,2407,2407,2392,2396,2397,117707
2011-03-22,2389,2397,2382,2383,2388,95077
2011-03-23,2382,2401,2382,2400,2392,126082
2011-03-24,2396,2399,2383,2385,2390,92373
2011-03-25,2391,2402,2391,2396,2397,120923
2011-03-28,2395,2396,2380,2383,2385,121282
2011-03-29,2379,2381,2372,2377,2375,85735
2011-03-30,2379,2382,2375,2380,2377,54430
2011-03-31,2381,2381,2367,2369,2371,72297
2011-04-01,2395,2396,2382,2384,2386,166058
2011-04-06,2391,2394,2386,2393,2391,98372
2011-04-07,2389,2393,2373,2379,2380,140502
2011-04-08,2379,2386,2372,2385,2380,106621
2011-04-11,2390,2414,2388,2404,2404,261022
2011-04-12,2403,2403,2386,2390,2393,160493
2011-04-13,2381,2392,2381,2392,2386,105676
2011-04-14,2388,2398,2383,2385,2389,102948
2011-04-15,2388,2390,2380,2382,2382,75602
2011-04-18,2376,2395,2375,2390,2386,136501
2011-04-19,2395,2395,2384,2387,2388,96147
2011-04-20,2387,2393,2387,2392,2390,84133
2011-04-21,2388,2390,2372,2373,2383,106698
2011-04-22,2376,2381,2368,2380,2375,151581
2011-04-25,2384,2388,2379,2384,2383,68107
2011-04-26,2381,2393,2379,2388,2387,175719
2011-04-27,2390,2391,2376,2377,2381,126548
2011-04-28,2379,2384,2373,2376,2377,108844
2011-04-29,2368,2368,2338,2340,2350,304503
2011-05-03,2355,2360,2344,2357,2356,173689
2011-05-04,2357,2363,2353,2355,2359,124690
2011-05-05,2358,2366,2349,2364,2359,157179
2011-05-06,2347,2356,2340,2346,2348,168016
2011-05-09,2389,2418,2358,2363,2366,180303
2011-05-10,2368,2383,2364,2381,2375,172015
2011-05-11,2380,2385,2376,2379,2380,72915
2011-05-12,2367,2377,2363,2366,2370,115498
2011-05-13,2374,2381,2371,2378,2375,89418
2011-05-16,2380,2382,2374,2374,2375,47922
2011-05-17,2377,2379,2366,2368,2370,112715
2011-05-18,2375,2377,2370,2371,2374,93834
2011-05-19,2381,2387,2379,2382,2382,127588
2011-05-20,2381,2385,2380,2384,2382,58007
2011-05-23,2389,2405,2388,2398,2398,192872
2011-05-24,2399,2403,2393,2400,2398,79158
2011-05-25,2397,2402,2396,2400,2398,58278
2011-05-26,2404,2413,2402,2412,2408,122759
2011-05-27,2414,2414,2407,2410,2408,57174
2011-05-30,2413,2422,2411,2417,2417,130722
2011-05-31,2415,2417,2406,2407,2409,69827
2011-06-01,2409,2409,2404,2405,2405,38173
2011-06-02,2407,2410,2404,2408,2406,46367
2011-06-03,2411,2419,2410,2415,2414,72894
2011-06-07,2406,2407,2399,2401,2401,69543
2011-06-08,2402,2404,2399,2402,2401,43927
2011-06-09,2406,2408,2404,2406,2405,58744
2011-06-10,2410,2413,2404,2407,2407,64476
2011-06-13,2409,2413,2407,2411,2410,62316
2011-06-14,2409,2411,2406,2408,2407,36665
2011-06-15,2404,2408,2403,2406,2405,34934
2011-06-16,2404,2404,2386,2389,2395,98199
2011-06-17,2384,2387,2374,2375,2381,118017
2011-06-20,2374,2380,2374,2377,2377,75440
2011-06-21,2379,2386,2379,2385,2382,44519
2011-06-22,2389,2390,2378,2381,2383,74353
2011-06-23,2370,2370,2357,2360,2362,147435
2011-06-24,2361,2369,2361,2367,2365,51805
2011-06-27,2360,2360,2335,2337,2346,114060
2011-06-28,2340,2343,2314,2316,2324,158393
2011-06-29,2330,2334,2327,2330,2329,94419
2011-06-30,2327,2329,2308,2318,2315,197672
2011-07-01,2277,2287,2270,2280,2277,193079
2011-07-04,2289,2296,2280,2290,2287,144578
2011-07-05,2293,2294,2279,2291,2286,125089
2011-07-06,2296,2303,2288,2301,2296,94903
2011-07-07,2297,2302,2295,2299,2298,60049
2011-07-08,2303,2313,2303,2307,2308,83220
2011-07-11,2307,2309,2299,2299,2303,69139
2011-07-12,2296,2297,2281,2289,2285,99664
2011-07-13,2299,2318,2299,2316,2310,106473
2011-07-14,2327,2333,2321,2324,2326,128438
2011-07-15,2320,2327,2318,2325,2322,63934
2011-07-18,2327,2338,2323,2331,2334,90424
2011-07-19,2332,2336,2331,2334,2332,41693
2011-07-20,2337,2341,2333,2334,2335,46766
2011-07-21,2330,2333,2327,2329,2328,42580
2011-07-22,2330,2334,2327,2333,2330,33824
2011-07-25,2331,2332,2323,2329,2327,57477
2011-07-26,2326,2341,2326,2341,2335,45501
2011-07-27,2344,2354,2344,2352,2350,57587
2011-07-28,2348,2352,2344,2348,2347,31008
2011-07-29,2348,2352,2327,2342,2347,56018
2011-08-01,2344,2348,2343,2347,2345,30839
2011-08-02,2351,2354,2345,2346,2348,38476
2011-08-03,2356,2363,2355,2359,2358,62177
2011-08-04,2356,2359,2348,2349,2352,54901
2011-08-05,2339,2342,2321,2337,2333,99011
2011-08-08,2334,2349,2331,2347,2341,79779
2011-08-09,2330,2359,2323,2351,2341,197856
2011-08-10,2358,2360,2347,2351,2352,92094
2011-08-11,2344,2375,2343,2372,2361,172955
2011-08-12,2380,2382,2367,2370,2371,76852
2011-08-15,2376,2378,2369,2375,2372,85850
2011-08-16,2377,2377,2364,2364,2369,52099
2011-08-17,2365,2368,2361,2362,2364,35326
2011-08-18,2361,2366,2351,2354,2355,69759
2011-08-19,2347,2358,2344,2350,2349,73686
2011-08-22,2356,2361,2352,2352,2357,45976
2011-08-23,2357,2361,2348,2355,2354,58395
2011-08-24,2357,2357,2344,2347,2348,77327
2011-08-25,2347,2348,2341,2342,2343,70499
2011-08-26,2344,2349,2344,2345,2346,47490
2011-08-29,2356,2364,2349,2364,2355,92692
2011-08-30,2360,2369,2359,2365,2364,64806
2011-08-31,2366,2375,2364,2370,2370,60146
2011-09-01,2372,2375,2367,2373,2372,50522
2011-09-02,2366,2380,2365,2376,2374,65816
2011-09-05,2379,2388,2375,2380,2380,88270
2011-09-06,2378,2386,2374,2383,2380,74947
2011-09-07,2385,2386,2378,2382,2381,38898
2011-09-08,2382,2382,2376,2380,2378,42461
2011-09-09,2381,2385,2378,2383,2381,32560
2011-09-13,2383,2386,2375,2381,2380,52333
2011-09-14,2377,2378,2363,2366,2370,100215
2011-09-15,2367,2372,2366,2368,2368,33352
2011-09-16,2362,2374,2361,2372,2368,68028
2011-09-19,2368,2370,2365,2367,2368,92568
2011-09-20,2371,2380,2371,2378,2377,50913
2011-09-21,2376,2377,2366,2373,2371,74458
2011-09-22,2359,2365,2353,2361,2361,79058
2011-09-23,2349,2350,2303,2309,2323,192693
2011-09-26,2307,2311,2272,2273,2289,164526
2011-09-27,2332,2332,2296,2310,2309,95217
2011-09-28,2306,2306,2287,2290,2295,75785
2011-09-29,2248,2275,2236,2271,2260,92779
2011-09-30,2276,2305,2274,2292,2292,77892
2011-10-10,2280,2284,2273,2277,2278,57889
2011-10-11,2281,2284,2226,2229,2249,163447
2011-10-12,2254,2265,2237,2256,2252,199259
2011-10-13,2249,2259,2243,2251,2248,111901
2011-10-14,2252,2291,2252,2291,2275,201190
2011-10-17,2296,2301,2280,2285,2289,119515
2011-10-18,2278,2281,2261,2264,2267,106639
2011-10-19,2272,2282,2255,2268,2265,129763
2011-10-20,2254,2255,2238,2249,2244,154844
2011-10-21,2262,2270,2259,2265,2263,89207
2011-10-24,2262,2279,2249,2272,2262,151642
2011-10-25,2272,2277,2265,2272,2271,80408
2011-10-26,2268,2279,2263,2271,2271,83745
2011-10-27,2263,2276,2263,2275,2271,62319
2011-10-28,2285,2285,2272,2273,2278,69967
2011-10-31,2272,2272,2248,2253,2256,80968
2011-11-01,2255,2262,2251,2253,2255,61455
2011-11-02,2257,2264,2250,2263,2254,59406
2011-11-03,2251,2259,2239,2251,2248,133116
2011-11-04,2260,2261,2238,2242,2246,103896
2011-11-07,2238,2240,2216,2226,2224,130325
2011-11-08,2225,2245,2223,2239,2234,128620
2011-11-09,2243,2247,2237,2242,2241,64047
2011-11-10,2230,2241,2219,2238,2232,153685
2011-11-11,2237,2241,2226,2236,2233,89289
2011-11-14,2238,2239,2228,2229,2231,90908
2011-11-15,2218,2231,2210,2230,2221,98778
2011-11-16,2238,2238,2222,2223,2225,56421
2011-11-17,2223,2230,2219,2226,2225,45098
2011-11-18,2206,2221,2206,2216,2215,71771
2011-11-21,2216,2216,2187,2190,2198,172637
2011-11-22,2182,2189,2175,2180,2181,133691
2011-11-23,2185,2193,2168,2174,2180,146674
2011-11-24,2169,2175,2161,2172,2167,125970
2011-11-25,2188,2188,2161,2170,2167,92792
2011-11-28,2181,2195,2174,2191,2184,144844
2011-11-29,2191,2196,2185,2195,2191,90835
2011-11-30,2194,2200,2185,2187,2189,62799
2011-12-01,2201,2220,2201,2203,2209,105916
2011-12-02,2199,2200,2190,2194,2195,88444
2011-12-05,2198,2207,2196,2207,2202,93792
2011-12-06,2202,2210,2200,2209,2203,69703
2011-12-07,2214,2215,2206,2209,2209,57688
2011-12-08,2209,2212,2202,2207,2205,103564
2011-12-09,2210,2240,2209,2239,2230,254888
2011-12-12,2241,2248,2236,2243,2242,148843
2011-12-13,2241,2244,2235,2238,2238,86862
2011-12-14,2239,2248,2236,2247,2240,105999
2011-12-15,2233,2251,2233,2250,2242,137939
2011-12-16,2248,2257,2241,2252,2247,134281
2011-12-19,2254,2266,2252,2255,2257,141076
2011-12-20,2258,2260,2251,2254,2253,100205
2011-12-21,2258,2258,2238,2239,2244,127298
2011-12-22,2241,2245,2238,2243,2241,57515
2011-12-23,2243,2251,2242,2249,2247,52070
2011-12-26,2251,2256,2249,2252,2251,53204
2011-12-27,2252,2253,2248,2249,2249,29269
2011-12-28,2256,2262,2252,2261,2257,67797
2011-12-29,2258,2265,2255,2263,2261,72286
2011-12-30,2266,2270,2262,2268,2266,64131
2012-01-04,2275,2283,2271,2278,2277,66616
2012-01-05,2278,2280,2274,2278,2277,36747
2012-01-06,2268,2289,2268,2287,2278,52399
2012-01-09,2284,2293,2282,2287,2287,63406
2012-01-10,2291,2305,2286,2293,2295,98273
2012-01-11,2292,2301,2289,2293,2293,42005
2012-01-12,2290,2304,2290,2302,2298,39274
2012-01-13,2289,2296,2282,2286,2287,103407
2012-01-16,2282,2283,2274,2277,2277,84590
2012-01-17,2280,2296,2280,2293,2287,60640
2012-01-18,2290,2294,2288,2291,2290,34474
2012-01-19,2290,2294,2284,2292,2288,43685
2012-01-20,2295,2302,2295,2300,2297,34476
2012-01-30,2306,2325,2305,2322,2316,72784
2012-01-31,2315,2335,2315,2333,2327,89985
2012-02-01,2335,2337,2326,2328,2329,60738
2012-02-02,2330,2333,2323,2325,2327,47738
2012-02-03,2328,2350,2328,2343,2342,129823
2012-02-06,2351,2365,2351,2362,2360,84804
2012-02-07,2362,2375,2359,2370,2366,101044
2012-02-08,2374,2388,2371,2385,2380,136109
2012-02-09,2381,2386,2372,2377,2378,95096
2012-02-10,2373,2381,2366,2379,2373,111583
2012-02-13,2379,2391,2377,2384,2384,116624
2012-02-14,2390,2393,2367,2369,2378,138728
2012-02-15,2370,2380,2362,2365,2370,150265
2012-02-16,2363,2370,2356,2365,2361,139572
2012-02-17,2371,2375,2366,2368,2369,88164
2012-02-20,2376,2384,2375,2383,2379,112046
2012-02-21,2385,2385,2373,2380,2377,88523
2012-02-22,2377,2377,2370,2372,2372,120713
2012-02-23,2377,2377,2371,2375,2373,70257
2012-02-24,2373,2382,2373,2378,2377,91219
2012-02-27,2380,2395,2380,2394,2388,108089
2012-02-28,2397,2407,2397,2407,2402,114892
2012-02-29,2412,2420,2404,2418,2410,131864
2012-03-01,2412,2425,2409,2409,2415,148264
2012-03-02,2414,2418,2405,2407,2410,146495
2012-03-05,2409,2414,2401,2404,2405,137671
2012-03-06,2406,2408,2393,2394,2398,118691
2012-03-07,2388,2407,2387,2400,2398,173989
2012-03-08,2397,2409,2395,2404,2403,145380
2012-03-09,2407,2432,2407,2431,2422,222711
2012-03-12,2430,2443,2424,2442,2433,225290
2012-03-13,2447,2454,2439,2445,2445,249734
2012-03-14,2448,2450,2434,2434,2439,217353
2012-03-15,2439,2466,2431,2465,2450,430828
2012-03-16,2472,2489,2468,2481,2477,582984
2012-03-19,2488,2488,2465,2472,2475,439314
2012-03-20,2469,2471,2458,2460,2464,297662
2012-03-21,2457,2479,2456,2462,2467,405158
2012-03-22,2466,2467,2457,2459,2459,231668
2012-03-23,2464,2468,2451,2453,2456,283117
2012-03-26,2455,2456,2439,2441,2445,243618
2012-03-27,2442,2449,2435,2437,2440,182222
2012-03-28,2432,2455,2431,2450,2446,377229
2012-03-29,2447,2448,2422,2425,2433,272507
2012-03-30,2420,2425,2412,2419,2417,253387
2012-04-05,2438,2453,2435,2449,2441,254841
2012-04-06,2448,2449,2436,2438,2440,157206
2012-04-09,2443,2447,2436,2438,2440,149392
2012-04-10,2435,2435,2426,2433,2429,145748
2012-04-11,2421,2424,2414,2418,2418,142001
2012-04-12,2420,2423,2415,2421,2419,110166
2012-04-13,2423,2430,2411,2412,2419,206115
2012-04-16,2405,2406,2394,2401,2399,147907
2012-04-17,2403,2407,2399,2403,2403,123079
2012-04-18,2403,2410,2396,2405,2401,177176
2012-04-19,2400,2422,2398,2422,2414,278293
2012-04-20,2422,2423,2409,2410,2414,162042
2012-04-23,2407,2409,2399,2403,2401,133109
2012-04-24,2403,2408,2395,2397,2400,143429
2012-04-25,2401,2404,2388,2404,2395,235233
2012-04-26,2402,2411,2400,2408,2403,113747
2012-04-27,2409,2415,2406,2413,2409,106677
2012-05-02,2417,2417,2407,2410,2410,117973
2012-05-03,2402,2408,2395,2399,2401,128392
2012-05-04,2400,2410,2396,2409,2404,144186
2012-05-07,2404,2409,2389,2398,2396,213800
2012-05-08,2400,2404,2397,2397,2399,128167
2012-05-09,2392,2397,2375,2376,2384,234012
2012-05-10,2375,2382,2367,2380,2373,285542
2012-05-11,2374,2376,2364,2368,2370,338475
2012-05-14,2372,2376,2351,2360,2362,355313
2012-05-15,2353,2373,2352,2369,2362,344913
2012-05-16,2372,2372,2350,2351,2359,233819
2012-05-17,2366,2374,2355,2371,2364,246498
2012-05-18,2368,2372,2360,2370,2365,156823
2012-05-21,2376,2392,2376,2385,2383,209076
2012-05-22,2383,2384,2375,2376,2378,98247
2012-05-23,2363,2366,2357,2364,2361,172539
2012-05-24,2367,2370,2360,2365,2364,100007
2012-05-25,2359,2361,2325,2336,2337,582154
2012-05-28,2340,2346,2322,2342,2335,360823
2012-05-29,2340,2350,2331,2346,2339,226730
2012-05-30,2334,2343,2328,2337,2335,233637
2012-05-31,2333,2348,2330,2343,2343,176615
2012-06-01,2341,2348,2336,2339,2340,181403
2012-06-04,2336,2345,2332,2339,2336,280952
2012-06-05,2343,2394,2341,2371,2365,642348
2012-06-06,2373,2378,2365,2372,2372,231909
2012-06-07,2382,2386,2369,2371,2377,181653
2012-06-08,2371,2375,2360,2362,2365,186879
2012-06-11,2367,2384,2367,2382,2375,221734
2012-06-12,2374,2379,2371,2378,2374,119592
2012-06-13,2373,2385,2373,2383,2380,211546
2012-06-14,2380,2384,2370,2372,2377,215300
2012-06-15,2377,2380,2367,2380,2373,243369
2012-06-18,2381,2391,2377,2387,2383,227941
2012-06-19,2394,2406,2393,2400,2401,340414
2012-06-20,2405,2413,2405,2408,2407,166948
2012-06-21,2401,2410,2397,2403,2405,183187
2012-06-25,2414,2421,2410,2412,2416,199617
2012-06-26,2425,2430,2407,2410,2416,275803
2012-06-27,2416,2416,2403,2403,2407,143787
2012-06-28,2407,2408,2397,2402,2403,119694
2012-06-29,2401,2410,2395,2409,2403,98258
2012-07-02,2420,2425,2401,2402,2408,125156
2012-07-03,2407,2416,2403,2407,2405,184057
2012-07-04,2404,2413,2404,2408,2407,246397
2012-07-05,2406,2410,2401,2409,2405,167990
2012-07-06,2407,2416,2404,2405,2409,153459
2012-07-09,2409,2422,2402,2414,2409,394459
2012-07-10,2406,2414,2403,2404,2407,135793
2012-07-11,2407,2412,2394,2403,2401,210604
2012-07-12,2403,2405,2394,2397,2396,109954
2012-07-13,2403,2411,2401,2410,2403,161836
2012-07-16,2416,2451,2416,2439,2435,553898
2012-07-17,2448,2448,2420,2428,2432,292974
2012-07-18,2430,2434,2422,2424,2426,179703
2012-07-19,2430,2438,2426,2437,2432,167332
2012-07-20,2437,2441,2428,2433,2432,133809
2012-07-23,2428,2448,2418,2438,2435,249435
2012-07-24,2410,2428,2395,2420,2417,232054
2012-07-25,2411,2426,2411,2422,2421,132080
2012-07-26,2426,2428,2414,2419,2421,128340
2012-07-27,2415,2423,2412,2416,2416,98708
2012-07-30,2432,2438,2427,2432,2431,215080
2012-07-31,2429,2431,2425,2430,2428,76910
2012-08-01,2429,2449,2425,2429,2437,274254
2012-08-02,2427,2432,2417,2418,2423,141114
2012-08-03,2416,2425,2413,2420,2419,106650
2012-08-06,2424,2424,2409,2413,2412,108135
2012-08-07,2411,2417,2409,2413,2411,93202
2012-08-08,2409,2411,2403,2404,2404,126273
2012-08-09,2410,2414,2406,2409,2408,78163
2012-08-10,2413,2418,2412,2417,2414,81862
2012-08-13,2414,2447,2413,2436,2433,685624
2012-08-14,2440,2452,2430,2440,2441,696985
2012-08-15,2443,2455,2438,2451,2448,540356
2012-08-16,2455,2455,2430,2431,2437,336201
2012-08-17,2432,2439,2427,2429,2432,187422
2012-08-20,2434,2438,2429,2433,2433,165247
2012-08-21,2433,2444,2433,2435,2438,214708
2012-08-22,2438,2441,2425,2426,2431,137149
2012-08-23,2426,2434,2423,2429,2428,145235
2012-08-24,2421,2425,2402,2406,2410,206634
2012-08-27,2410,2421,2407,2410,2414,187289
2012-08-28,2399,2410,2399,2402,2405,92372
2012-08-29,2404,2417,2400,2413,2409,140593
2012-08-30,2418,2418,2410,2416,2413,74320
2012-08-31,2415,2416,2406,2410,2409,65916
2012-09-03,2414,2417,2407,2414,2408,90397
2012-09-04,2413,2425,2408,2419,2417,136200
2012-09-05,2416,2416,2386,2387,2395,179740
2012-09-06,2379,2389,2374,2382,2381,127806
2012-09-07,2387,2388,2380,2382,2382,82567
2012-09-10,2385,2390,2377,2388,2383,94005
2012-09-11,2380,2386,2369,2375,2376,124843
2012-09-12,2374,2382,2366,2379,2374,107657
2012-09-13,2381,2389,2376,2384,2383,88229
2012-09-14,2387,2397,2381,2382,2387,107869
2012-09-17,2381,2385,2364,2367,2370,157617
2012-09-18,2360,2377,2354,2373,2369,150358
2012-09-19,2375,2379,2371,2377,2374,61487
2012-09-20,2378,2400,2375,2392,2389,233254
2012-09-21,2386,2393,2381,2383,2386,81998
2012-09-24,2379,2382,2368,2377,2375,90439
2012-09-25,2377,2379,2373,2377,2375,42662
2012-09-26,2374,2379,2368,2370,2373,102771
2012-09-27,2360,2372,2349,2352,2358,134711
2012-09-28,2349,2371,2349,2370,2356,110990
2012-10-08,2369,2369,2336,2336,2351,112159
2012-10-09,2343,2346,2329,2343,2338,121969
2012-10-10,2337,2351,2337,2351,2344,78553
2012-10-11,2343,2357,2343,2352,2352,70661
2012-10-12,2361,2362,2347,2349,2353,104394
2012-10-15,2341,2349,2340,2348,2344,75991
2012-10-16,2350,2360,2349,2358,2354,68979
2012-10-17,2356,2376,2352,2375,2365,108375
2012-10-18,2377,2386,2375,2385,2381,126092
2012-10-19,2387,2388,2374,2378,2377,62066
2012-10-22,2375,2382,2373,2382,2378,51308
2012-10-23,2382,2384,2377,2381,2379,57486
2012-10-24,2381,2383,2376,2381,2378,67551
2012-10-25,2382,2408,2382,2408,2398,176677
2012-10-26,2405,2406,2391,2395,2396,100088
2012-10-29,2393,2395,2388,2389,2391,76173
2012-10-30,2389,2392,2379,2391,2384,89424
2012-10-31,2391,2398,2384,2388,2390,92067
2012-11-01,2390,2399,2385,2390,2391,114563
2012-11-02,2390,2396,2386,2396,2391,75939
2012-11-05,2394,2410,2389,2399,2401,162776
2012-11-06,2401,2401,2393,2397,2395,48601
2012-11-07,2399,2402,2395,2398,2398,49376
2012-11-08,2396,2403,2396,2399,2400,58538
2012-11-09,2398,2402,2392,2395,2395,71328
2012-11-12,2392,2400,2390,2397,2394,105410
2012-11-13,2394,2400,2376,2385,2389,249314
2012-11-14,2389,2414,2378,2396,2389,238803
2012-11-15,2396,2403,2392,2396,2397,87807
2012-11-16,2394,2406,2393,2402,2401,80731
2012-11-19,2407,2418,2405,2417,2412,110840
2012-11-20,2420,2420,2414,2416,2416,55954
2012-11-21,2417,2421,2414,2421,2418,63983
2012-11-22,2422,2423,2418,2422,2420,50523
2012-11-23,2424,2441,2420,2438,2433,147439
2012-11-26,2437,2447,2437,2443,2442,112704
2012-11-27,2445,2445,2436,2440,2439,76660
2012-11-28,2443,2446,2429,2433,2437,107088
2012-11-29,2434,2436,2430,2435,2433,42190
2012-11-30,2432,2440,2432,2439,2436,40285
2012-12-03,2439,2448,2438,2447,2444,67737
2012-12-04,2444,2446,2439,2445,2442,49717
2012-12-05,2446,2460,2443,2457,2450,76202
2012-12-06,2458,2469,2456,2459,2462,96925
2012-12-07,2461,2461,2454,2457,2456,67155
2012-12-10,2452,2456,2449,2453,2451,70110
2012-12-11,2453,2457,2450,2450,2452,48419
2012-12-12,2450,2453,2443,2447,2447,54034
2012-12-13,2447,2449,2443,2444,2446,34969
2012-12-14,2444,2452,2441,2450,2447,59187
2012-12-17,2450,2455,2448,2454,2451,48091
2012-12-18,2452,2456,2450,2451,2452,29687
2012-12-19,2450,2456,2448,2453,2451,46574
2012-12-20,2446,2453,2445,2452,2449,56366
2012-12-21,2452,2452,2446,2449,2448,46896
2012-12-24,2452,2452,2435,2436,2442,116775
2012-12-25,2438,2445,2433,2439,2439,76351
2012-12-26,2438,2443,2437,2442,2440,38200
2012-12-27,2437,2448,2437,2446,2443,47359
2012-12-28,2446,2448,2442,2446,2444,29198
2012-12-31,2444,2447,2440,2442,2443,40047
2013-01-04,2441,2458,2440,2458,2459,66035
2013-01-07,2459,2464,2458,2461,2459,38484
2013-01-08,2464,2472,2458,2470,2464,76553
2013-01-09,2472,2477,2456,2458,2466,86256
2013-01-10,2460,2462,2452,2458,2456,53430
2013-01-11,2458,2461,2453,2453,2456,40366
2013-01-14,2456,2459,2442,2447,2447,85341
2013-01-15,2450,2452,2443,2446,2447,46087
2013-01-16,2446,2449,2444,2448,2446,24372
2013-01-17,2449,2450,2435,2446,2443,60480
2013-01-18,2445,2451,2444,2450,2448,29904
2013-01-21,2449,2452,2442,2443,2446,32825
2013-01-22,2442,2447,2441,2443,2443,25318
2013-01-23,2442,2448,2439,2443,2443,36483
2013-01-24,2443,2443,2432,2433,2435,67189
2013-01-25,2435,2438,2432,2437,2435,25858
2013-01-28,2437,2442,2433,2441,2435,26111
2013-01-29,2443,2443,2437,2442,2439,28321
2013-01-30,2434,2446,2434,2444,2442,35527
2013-01-31,2446,2449,2444,2448,2447,32534
2013-02-01,2449,2449,2444,2449,2446,31057
2013-02-04,2449,2456,2447,2450,2450,31785
2013-02-05,2451,2451,2435,2438,2440,58373
2013-02-06,2437,2443,2435,2439,2438,33698
2013-02-07,2437,2438,2433,2435,2434,30668
2013-02-08,2431,2439,2427,2435,2431,40321
2013-02-18,2424,2427,2414,2416,2420,57006
2013-02-19,2416,2426,2415,2424,2421,54999
2013-02-20,2425,2426,2420,2422,2423,37853
2013-02-21,2420,2426,2414,2425,2419,91297
2013-02-22,2424,2431,2421,2425,2426,45203
2013-02-25,2421,2424,2418,2420,2420,34119
2013-02-26,2418,2421,2412,2413,2416,52954
2013-02-27,2416,2419,2411,2413,2414,33822
2013-02-28,2416,2419,2410,2417,2414,76163
2013-03-01,2416,2417,2410,2413,2412,43891
2013-03-04,2408,2410,2400,2400,2401,65322
2013-03-05,2400,2409,2399,2406,2404,49133
2013-03-06,2406,2415,2405,2415,2410,41645
2013-03-07,2409,2422,2407,2420,2415,66980
2013-03-08,2419,2420,2415,2419,2417,25689
2013-03-11,2421,2427,2419,2419,2420,38389
2013-03-12,2422,2422,2417,2420,2418,29112
2013-03-13,2420,2426,2418,2424,2422,40302
2013-03-14,2424,2424,2418,2421,2420,40915
2013-03-15,2421,2433,2421,2433,2427,67026
2013-03-18,2427,2433,2423,2431,2428,70626
2013-03-19,2432,2435,2429,2432,2432,43703
2013-03-20,2433,2433,2428,2432,2430,35230
2013-03-21,2433,2435,2429,2433,2431,31577
2013-03-22,2435,2439,2433,2437,2434,28420
2013-03-25,2435,2439,2434,2439,2436,14252
2013-03-26,2438,2439,2432,2434,2433,28069
2013-03-27,2434,2437,2431,2436,2433,39190
2013-03-28,2438,2446,2436,2445,2441,59820
2013-03-29,2433,2443,2425,2439,2434,72867
2013-04-01,2432,2434,2414,2414,2423,155990
2013-04-02,2415,2422,2412,2418,2416,76567
2013-04-03,2413,2416,2407,2412,2412,78317
2013-04-08,2398,2404,2390,2402,2396,135247
2013-04-09,2404,2404,2380,2386,2389,216566
2013-04-10,2389,2404,2389,2402,2397,150998
2013-04-11,2404,2405,2398,2402,2401,58603
2013-04-12,2404,2412,2400,2411,2406,90649
2013-04-15,2400,2404,2389,2393,2396,135005
2013-04-16,2382,2392,2377,2389,2387,102606
2013-04-17,2392,2400,2387,2390,2390,68870
2013-04-18,2389,2395,2385,2394,2391,72559
2013-04-19,2391,2398,2388,2390,2393,62135
2013-04-22,2384,2387,2369,2370,2376,195686
2013-04-23,2369,2373,2358,2365,2363,140313
2013-04-24,2360,2372,2356,2367,2365,145993
2013-04-25,2368,2379,2365,2379,2373,77584
2013-04-26,2381,2386,2378,2382,2381,70473
2013-05-02,2399,2407,2392,2406,2401,173494
2013-05-03,2409,2413,2404,2407,2408,91624
2013-05-06,2405,2411,2402,2409,2408,61972
2013-05-07,2407,2419,2405,2419,2414,111457
2013-05-08,2420,2426,2418,2424,2422,98293
2013-05-09,2423,2428,2416,2419,2418,109317
2013-05-10,2421,2426,2419,2422,2422,81316
2013-05-13,2423,2424,2416,2417,2419,60281
2013-05-14,2424,2426,2418,2421,2421,34205
2013-05-15,2419,2426,2417,2420,2420,69806
2013-05-16,2419,2431,2416,2428,2423,104318
2013-05-17,2426,2431,2424,2425,2426,63375
2013-05-20,2427,2427,2408,2411,2417,103995
2013-05-21,2413,2414,2404,2407,2407,65956
2013-05-22,2406,2415,2402,2413,2408,71847
2013-05-23,2418,2423,2406,2406,2411,60873
2013-05-24,2401,2413,2401,2410,2410,29833
2013-05-27,2413,2418,2410,2415,2413,52046
2013-05-28,2414,2420,2414,2418,2417,37515
2013-05-29,2423,2425,2417,2418,2420,63303
2013-05-30,2420,2425,2418,2423,2421,53138
2013-05-31,2421,2426,2421,2423,2422,32565
2013-06-03,2426,2431,2419,2422,2424,92229
2013-06-04,2422,2422,2410,2413,2415,73060
2013-06-05,2412,2416,2409,2411,2411,56849
2013-06-06,2412,2412,2403,2403,2406,69000
2013-06-07,2406,2406,2398,2405,2402,52650
2013-06-13,2400,2407,2397,2400,2401,41051
2013-06-14,2397,2402,2396,2399,2399,42041
2013-06-17,2400,2401,2393,2398,2396,45820
2013-06-18,2398,2403,2397,2398,2400,29619
2013-06-19,2397,2400,2396,2398,2397,20231
2013-06-20,2401,2404,2394,2395,2398,56690
2013-06-21,2389,2398,2383,2392,2390,53008
2013-06-24,2389,2393,2383,2384,2387,50049
2013-06-25,2387,2394,2386,2391,2389,34958
2013-06-26,2390,2393,2385,2387,2387,35175
2013-06-27,2386,2387,2377,2384,2380,63448
2013-06-28,2384,2388,2380,2383,2384,41105
2013-07-01,2374,2378,2368,2376,2372,65751
2013-07-02,2374,2384,2374,2384,2380,42577
2013-07-03,2383,2390,2381,2389,2385,51972
2013-07-04,2389,2406,2389,2403,2399,162513
2013-07-05,2400,2420,2400,2405,2410,236050
2013-07-08,2404,2407,2395,2398,2398,75041
2013-07-09,2401,2403,2397,2399,2399,47222
2013-07-10,2402,2405,2397,2401,2400,40258
2013-07-11,2401,2407,2399,2401,2403,67899
2013-07-12,2399,2403,2398,2398,2399,32508
2013-07-15,2396,2396,2388,2394,2393,55466
2013-07-16,2396,2399,2392,2395,2395,17450
2013-07-17,2396,2398,2392,2394,2394,29008
2013-07-18,2391,2393,2389,2393,2390,23182
2013-07-19,2394,2396,2389,2389,2393,25660
2013-07-22,2392,2392,2378,2380,2381,83537
2013-07-23,2379,2384,2378,2381,2382,39104
2013-07-24,2378,2379,2372,2372,2374,47506
2013-07-25,2369,2375,2368,2373,2371,28402
2013-07-26,2369,2374,2363,2367,2367,71445
2013-07-29,2366,2367,2341,2349,2350,126102
2013-07-30,2349,2355,2348,2355,2352,39989
2013-07-31,2351,2363,2349,2362,2358,64751
2013-08-01,2361,2363,2353,2356,2357,74048
2013-08-02,2351,2354,2337,2353,2345,139669
2013-08-05,2351,2359,2349,2354,2352,59717
2013-08-06,2349,2357,2349,2352,2352,64401
2013-08-07,2351,2353,2335,2336,2341,82673
2013-08-08,2337,2345,2322,2335,2337,94073
2013-08-09,2339,2344,2336,2339,2340,76240
2013-08-12,2336,2338,2327,2330,2331,73090
2013-08-13,2340,2341,2333,2334,2337,83539
2013-08-14,2325,2332,2325,2326,2328,83124
2013-08-15,2330,2336,2327,2334,2332,56223
2013-08-16,2336,2345,2335,2336,2340,78665
2013-08-19,2342,2345,2337,2340,2339,44613
2013-08-20,2345,2345,2333,2337,2337,51336
2013-08-21,2332,2347,2332,2346,2341,36117
2013-08-22,2342,2353,2342,2353,2351,59158
2013-08-23,2351,2353,2348,2351,2351,54899
2013-08-26,2356,2362,2355,2359,2359,124711
2013-08-27,2366,2368,2352,2353,2356,59242
2013-08-28,2352,2354,2345,2346,2350,56839
2013-08-29,2342,2346,2341,2344,2343,55310
2013-08-30,2343,2345,2338,2342,2340,48201
2013-09-02,2342,2357,2342,2356,2345,66887
2013-09-03,2348,2357,2344,2355,2350,68795
2013-09-04,2349,2351,2346,2347,2347,36433
2013-09-05,2345,2346,2340,2341,2338,41826
2013-09-06,2340,2340,2334,2339,2335,24699
2013-09-09,2333,2343,2332,2333,2332,33523
2013-09-10,2331,2332,2316,2324,2324,60154
2013-09-11,2324,2331,2321,2328,2324,42424
2013-09-12,2329,2329,2324,2324,2325,17317
2013-09-13,2325,2327,2319,2325,2323,39454
2013-09-16,2325,2337,2319,2323,2328,121027
2013-09-17,2323,2333,2322,2331,2328,32738
2013-09-18,2330,2339,2328,2335,2333,59444
2013-09-23,2330,2338,2330,2337,2335,26722
2013-09-24,2337,2340,2332,2332,2335,30982
2013-09-25,2331,2331,2327,2327,2329,19581
2013-09-26,2331,2332,2328,2329,2330,23644
2013-09-27,2329,2330,2322,2323,2324,44557
2013-09-30,2321,2323,2309,2318,2314,57886
2013-10-08,2317,2325,2317,2324,2322,20832
2013-10-09,2324,2332,2320,2331,2326,32767
2013-10-10,2329,2341,2329,2338,2336,55296
2013-10-11,2337,2345,2336,2341,2340,61942
2013-10-14,2345,2352,2345,2351,2349,60958
2013-10-15,2353,2356,2340,2340,2346,44747
2013-10-16,2339,2346,2336,2341,2342,29174
2013-10-17,2341,2349,2338,2348,2344,57629
2013-10-18,2347,2348,2342,2342,2343,35698
2013-10-21,2344,2347,2343,2345,2344,26159
2013-10-22,2346,2346,2340,2341,2341,19901
2013-10-23,2341,2344,2340,2342,2341,18590
2013-10-24,2338,2342,2336,2340,2339,44295
2013-10-25,2341,2342,2337,2338,2339,31246
2013-10-28,2337,2337,2319,2320,2327,75670
2013-10-29,2322,2322,2311,2313,2315,65591
2013-10-30,2313,2322,2313,2320,2320,44864
2013-10-31,2320,2325,2315,2323,2321,42627
2013-11-01,2322,2324,2318,2323,2321,28745
2013-11-04,2322,2325,2319,2324,2322,33760
2013-11-05,2322,2338,2322,2337,2332,53694
2013-11-06,2339,2347,2336,2342,2341,58269
2013-11-07,2340,2343,2333,2342,2338,47137
2013-11-08,2342,2346,2335,2344,2341,53236
2013-11-11,2347,2349,2341,2344,2344,36273
2013-11-12,2345,2347,2343,2345,2345,24298
2013-11-13,2344,2352,2342,2349,2348,37451
2013-11-14,2349,2352,2344,2351,2348,40859
2013-11-15,2350,2353,2349,2352,2351,20176
2013-11-18,2350,2350,2345,2347,2347,36248
2013-11-19,2346,2346,2340,2344,2343,44417
2013-11-20,2346,2356,2344,2356,2350,45053
2013-11-21,2357,2365,2354,2365,2362,85451
2013-11-22,2366,2366,2360,2363,2363,30486
2013-11-25,2365,2366,2359,2361,2362,38067
2013-11-26,2363,2364,2361,2361,2362,14543
2013-11-27,2361,2365,2359,2364,2363,22310
2013-11-28,2364,2364,2360,2362,2362,21328
2013-11-29,2362,2364,2359,2360,2361,17922
2013-12-02,2360,2365,2360,2364,2362,23689
2013-12-03,2363,2369,2362,2364,2365,24266
2013-12-04,2367,2367,2361,2366,2364,22016
2013-12-05,2365,2367,2361,2362,2363,15627
2013-12-06,2362,2371,2355,2365,2361,69642
2013-12-09,2367,2367,2360,2362,2362,19553
2013-12-10,2364,2364,2358,2360,2360,18944
2013-12-11,2359,2361,2357,2357,2358,21333
2013-12-12,2356,2360,2352,2353,2355,29290
2013-12-13,2352,2354,2338,2338,2346,56366
2013-12-16,2333,2344,2328,2330,2337,64851
2013-12-17,2331,2341,2331,2340,2337,24959
2013-12-18,2339,2343,2334,2337,2338,33252
2013-12-19,2335,2337,2329,2332,2332,29198
2013-12-20,2334,2350,2333,2347,2340,43834
2013-12-23,2345,2347,2339,2341,2342,33741
2013-12-24,2341,2341,2330,2334,2336,32821
2013-12-25,2336,2340,2324,2338,2331,93259
2013-12-26,2338,2343,2330,2331,2336,38205
2013-12-27,2330,2340,2329,2337,2334,35396
2013-12-30,2338,2344,2336,2343,2340,36616
2013-12-31,2345,2348,2341,2346,2344,31069
2014-01-02,2345,2348,2342,2343,2349,19644
2014-01-03,2346,2348,2338,2340,2341,40193
2014-01-06,2335,2352,2335,2349,2345,43059
2014-01-07,2352,2366,2347,2365,2356,88651
2014-01-08,2363,2372,2363,2370,2368,63621
2014-01-09,2368,2375,2364,2373,2368,57037
2014-01-10,2373,2376,2368,2371,2371,35617
2014-01-13,2376,2384,2369,2372,2372,31996
2014-01-14,2371,2373,2365,2366,2366,38467
2014-01-15,2368,2368,2360,2362,2363,32204
2014-01-16,2363,2368,2359,2361,2361,29994
2014-01-17,2359,2364,2358,2361,2361,16642
2014-01-20,2359,2366,2358,2366,2362,19728
2014-01-21,2364,2367,2360,2362,2362,13097
2014-01-22,2360,2364,2360,2362,2361,18460
2014-01-23,2360,2368,2360,2365,2365,16405
2014-01-24,2364,2365,2361,2363,2362,14318
2014-01-27,2361,2370,2361,2368,2366,26459
2014-01-28,2368,2369,2364,2367,2366,23747
2014-01-29,2366,2368,2365,2368,2367,15237
2014-01-30,2368,2368,2362,2365,2365,12258
2014-02-07,2370,2371,2363,2365,2365,25662
2014-02-10,2363,2365,2342,2343,2350,101152
2014-02-11,2344,2351,2344,2346,2347,51629
2014-02-12,2346,2347,2340,2344,2344,56143
2014-02-13,2344,2352,2342,2349,2347,48884
2014-02-14,2349,2352,2347,2352,2349,34739
2014-02-17,2349,2355,2341,2348,2347,49931
2014-02-18,2348,2350,2346,2347,2347,19243
2014-02-19,2348,2349,2345,2345,2346,15163
2014-02-20,2347,2350,2343,2349,2347,25092
2014-02-21,2351,2353,2349,2351,2350,27440
2014-02-24,2351,2352,2343,2345,2346,48642
2014-02-25,2346,2347,2340,2344,2344,26104
2014-02-26,2343,2346,2340,2345,2342,28280
2014-02-27,2343,2348,2342,2344,2344,17071
2014-02-28,2343,2345,2337,2343,2341,44255
2014-03-03,2344,2360,2344,2360,2354,77325
2014-03-04,2359,2362,2355,2362,2358,37695
2014-03-05,2363,2365,2357,2361,2360,26802
2014-03-06,2360,2361,2355,2357,2356,16605
2014-03-07,2358,2364,2358,2364,2362,38060
2014-03-10,2361,2362,2346,2352,2352,51571
2014-03-11,2349,2358,2347,2357,2352,26634
2014-03-12,2358,2364,2353,2359,2358,44042
2014-03-13,2358,2372,2358,2371,2366,97339
2014-03-14,2375,2378,2368,2374,2373,89248
2014-03-17,2374,2375,2361,2367,2365,41296
2014-03-18,2367,2374,2361,2369,2369,40666
2014-03-19,2368,2372,2367,2368,2368,35264
2014-03-20,2368,2371,2362,2362,2366,37494
2014-03-21,2360,2365,2360,2364,2363,22970
2014-03-24,2364,2367,2360,2367,2363,22193
2014-03-25,2369,2370,2362,2362,2365,33006
2014-03-26,2361,2374,2351,2359,2357,95112
2014-03-27,2359,2364,2356,2360,2359,47618
2014-03-28,2360,2362,2358,2359,2359,23765
2014-03-31,2358,2361,2356,2357,2358,26066
2014-04-01,2361,2361,2351,2353,2356,35703
2014-04-02,2351,2355,2339,2339,2343,78933
2014-04-03,2340,2350,2340,2350,2345,44991
2014-04-04,2350,2353,2347,2352,2350,36936
2014-04-08,2351,2356,2349,2350,2351,35416
2014-04-09,2351,2352,2348,2350,2350,30471
2014-04-10,2350,2354,2348,2349,2351,30029
2014-04-11,2349,2351,2343,2345,2346,26591
2014-04-14,2346,2359,2345,2358,2354,65784
2014-04-15,2359,2367,2358,2366,2361,44642
2014-04-16,2365,2365,2354,2355,2357,31306
2014-04-17,2354,2360,2354,2358,2357,22125
2014-04-18,2357,2357,2350,2350,2353,23405
2014-04-21,2351,2353,2344,2346,2347,29204
2014-04-22,2348,2363,2344,2360,2354,49454
2014-04-23,2360,2361,2352,2355,2354,14821
2014-04-24,2357,2357,2352,2354,2354,13047
2014-04-25,2355,2361,2353,2360,2357,30477
2014-04-28,2359,2370,2359,2365,2363,23726
2014-04-29,2363,2365,2360,2361,2362,13145
2014-04-30,2362,2372,2362,2368,2367,38586
2014-05-05,2368,2375,2364,2374,2372,26172
2014-05-06,2375,2377,2363,2369,2368,29742
2014-05-07,2367,2370,2364,2365,2367,12804
2014-05-08,2366,2367,2361,2361,2364,15482
2014-05-09,2363,2366,2359,2360,2361,13487
2014-05-12,2360,2366,2359,2365,2363,13978
2014-05-13,2364,2368,2362,2363,2363,13407
2014-05-14,2363,2367,2353,2357,2358,45107
2014-05-15,2356,2357,2349,2350,2352,23901
2014-05-16,2348,2354,2346,2346,2349,21661
2014-05-19,2349,2352,2343,2349,2347,21718
2014-05-20,2347,2351,2347,2349,2349,12395
2014-05-21,2348,2353,2348,2352,2351,14091
2014-05-22,2364,2368,2358,2361,2361,55221
2014-05-23,2360,2363,2357,2361,2360,33273
2014-05-26,2361,2362,2357,2358,2358,8914
2014-05-27,2357,2363,2356,2361,2360,14226
2014-05-28,2361,2366,2359,2364,2361,15562
2014-05-29,2368,2400,2368,2384,2380,91689
2014-05-30,2385,2385,2377,2377,2379,20362
2014-06-03,2379,2379,2365,2371,2370,34199
2014-06-04,2372,2373,2368,2370,2370,12361
2014-06-05,2371,2372,2366,2368,2367,11222
2014-06-06,2366,2370,2364,2366,2365,17232
2014-06-09,2362,2367,2360,2365,2362,20663
2014-06-10,2363,2371,2362,2368,2366,11799
2014-06-11,2369,2373,2368,2371,2370,17659
2014-06-12,2371,2376,2367,2374,2372,19123
2014-06-13,2373,2375,2368,2373,2370,10370
2014-06-16,2374,2380,2371,2379,2377,9636
2014-06-17,2379,2389,2378,2386,2384,40266
2014-06-18,2387,2387,2374,2376,2378,15360
2014-06-19,2375,2382,2375,2379,2379,11634
2014-06-20,2379,2379,2372,2376,2376,9452
2014-06-23,2378,2381,2376,2378,2378,8764
2014-06-24,2376,2382,2373,2381,2378,6636
2014-06-25,2382,2385,2378,2384,2382,14797
2014-06-26,2384,2386,2381,2383,2383,9836
2014-06-27,2383,2385,2380,2383,2383,8007
2014-06-30,2385,2385,2380,2382,2381,9395
2014-07-01,2372,2379,2372,2375,2375,25334
2014-07-02,2374,2382,2372,2374,2375,37024
2014-07-03,2375,2378,2370,2370,2373,19326
2014-07-04,2371,2371,2359,2359,2363,31074
2014-07-07,2360,2360,2350,2352,2352,50434
2014-07-08,2347,2355,2347,2353,2351,21030
2014-07-09,2354,2358,2352,2354,2353,34153
2014-07-10,2356,2366,2352,2364,2357,56392
2014-07-11,2365,2370,2359,2362,2361,43380
2014-07-14,2360,2365,2351,2351,2354,48769
2014-07-15,2351,2355,2336,2338,2338,94403
2014-07-16,2339,2358,2331,2355,2343,76224
2014-07-17,2352,2364,2352,2358,2358,38927
2014-07-18,2358,2364,2355,2360,2359,34653
2014-07-21,2359,2362,2355,2358,2357,23942
2014-07-22,2356,2370,2354,2369,2363,48679
2014-07-23,2370,2372,2354,2356,2361,26580
2014-07-24,2355,2365,2355,2363,2361,16018
2014-07-25,2365,2369,2362,2365,2365,13965
2014-07-28,2369,2373,2366,2369,2368,25920
2014-07-29,2371,2388,2368,2381,2375,97986
2014-07-30,2379,2381,2365,2377,2374,51351
2014-07-31,2377,2391,2374,2387,2384,93973
2014-08-01,2385,2388,2382,2387,2384,42901
2014-08-04,2390,2414,2387,2404,2402,161367
2014-08-05,2405,2408,2386,2390,2392,112595
2014-08-06,2388,2396,2381,2385,2387,47374
2014-08-07,2388,2395,2383,2386,2388,39727
2014-08-08,2386,2393,2383,2386,2387,36532
2014-08-11,2389,2398,2387,2397,2393,60995
2014-08-12,2397,2418,2393,2415,2405,123217
2014-08-13,2419,2422,2400,2408,2410,92397
2014-08-14,2408,2421,2402,2412,2411,108643
2014-08-15,2412,2429,2409,2426,2421,101213
2014-08-18,2425,2428,2415,2416,2418,58633
2014-08-19,2414,2414,2326,2393,2395,121540
2014-08-20,2394,2405,2393,2395,2396,39123
2014-08-21,2394,2398,2391,2396,2394,31013
2014-08-22,2398,2409,2396,2405,2404,33108
2014-08-25,2397,2406,2396,2400,2401,39491
2014-08-26,2402,2404,2397,2402,2399,27626
2014-08-27,2397,2407,2397,2405,2404,24955
2014-08-28,2405,2407,2394,2395,2396,39369
2014-08-29,2395,2396,2382,2383,2388,52110
2014-09-01,2384,2390,2373,2385,2379,58143
2014-09-02,2384,2394,2355,2389,2388,39265
2014-09-03,2382,2394,2382,2392,2391,22192
2014-09-04,2392,2401,2387,2396,2395,33596
2014-09-05,2394,2396,2383,2386,2387,47935
2014-09-09,2384,2390,2379,2385,2386,29979
2014-09-10,2385,2386,2375,2377,2378,39279
2014-09-11,2375,2380,2366,2372,2372,56605
2014-09-12,2370,2386,2369,2383,2378,39511
2014-09-15,2380,2385,2379,2382,2382,24274
2014-09-16,2394,2394,2371,2372,2379,43883
2014-09-17,2360,2381,2360,2379,2375,30335
2014-09-18,2376,2380,2369,2370,2373,40090
2014-09-19,2368,2376,2368,2373,2372,39337
2014-09-22,2370,2375,2360,2372,2366,91808
2014-09-23,2371,2374,2362,2363,2366,42372
2014-09-24,2357,2373,2357,2368,2368,44212
2014-09-25,2368,2372,2367,2369,2369,26031
2014-09-26,2361,2372,2361,2372,2369,31910
2014-09-29,2377,2378,2370,2378,2374,43034
2014-09-30,2376,2381,2375,2378,2378,27227
2014-10-08,2385,2385,2367,2375,2374,23365
2014-10-09,2373,2374,2360,2367,2366,52688
2014-10-10,2368,2368,2346,2357,2356,141261
2014-10-13,2358,2365,2350,2354,2357,79190
2014-10-14,2363,2363,2348,2358,2355,60502
2014-10-15,2360,2373,2357,2369,2366,74514
2014-10-16,2367,2379,2363,2378,2373,65599
2014-10-17,2380,2380,2369,2374,2374,39563
2014-10-20,2373,2401,2370,2372,2376,59142
2014-10-21,2372,2374,2359,2360,2365,63489
2014-10-22,2361,2364,2356,2362,2360,41779
2014-10-23,2360,2368,2359,2367,2365,34505
2014-10-24,2370,2377,2368,2376,2373,52085
2014-10-27,2373,2376,2371,2373,2373,31137
2014-10-28,2372,2382,2372,2381,2378,47655
2014-10-29,2382,2383,2378,2381,2380,24863
2014-10-30,2385,2392,2382,2384,2386,53799
2014-10-31,2378,2382,2371,2373,2377,34930
2014-11-03,2387,2387,2374,2380,2378,29585
2014-11-04,2378,2386,2377,2382,2382,39111
2014-11-05,2380,2384,2379,2383,2381,16898
2014-11-06,2384,2388,2382,2387,2384,22827
2014-11-07,2388,2390,2385,2389,2387,23879
2014-11-10,2387,2395,2387,2392,2391,26898
2014-11-11,2392,2394,2388,2392,2391,22433
2014-11-12,2395,2399,2392,2397,2396,31772
2014-11-13,2397,2398,2392,2398,2396,22947
2014-11-14,2398,2408,2397,2407,2404,49345
2014-11-17,2408,2412,2404,2410,2409,28694
2014-11-18,2403,2413,2403,2412,2409,23849
2014-11-19,2407,2412,2406,2410,2409,27039
2014-11-20,2408,2409,2404,2407,2407,12277
2014-11-21,2407,2409,2404,2407,2406,19335
2014-11-24,2410,2410,2397,2399,2400,30626
2014-11-25,2398,2412,2388,2411,2398,89500
2014-11-26,2401,2413,2401,2410,2409,28067
2014-11-27,2410,2414,2408,2413,2411,20513
2014-11-28,2413,2419,2412,2414,2415,35186
2014-12-01,2408,2410,2402,2404,2406,35585
2014-12-02,2406,2409,2404,2407,2406,19426
2014-12-03,2404,2408,2402,2407,2405,18844
2014-12-04,2405,2412,2405,2410,2409,22190
2014-12-05,2411,2417,2410,2417,2414,18189
2014-12-08,2418,2431,2417,2428,2426,54995
2014-12-09,2428,2433,2424,2431,2428,37064
2014-12-10,2433,2433,2425,2431,2428,23374
2014-12-11,2428,2429,2421,2421,2423,19912
2014-12-12,2420,2422,2406,2407,2411,49172
2014-12-15,2408,2412,2403,2410,2407,28166
2014-12-16,2410,2411,2401,2402,2406,21048
2014-12-17,2401,2405,2397,2400,2401,22352
2014-12-18,2396,2403,2395,2402,2400,15952
2014-12-19,2403,2403,2396,2396,2398,23612
2014-12-22,2392,2396,2367,2368,2377,93715
2014-12-23,2371,2372,2360,2365,2366,64308
2014-12-24,2367,2378,2365,2374,2373,36934
2014-12-25,2377,2378,2367,2374,2372,30076
2014-12-26,2373,2379,2369,2377,2375,16963
2014-12-29,2377,2393,2377,2391,2387,38411
2014-12-30,2388,2434,2388,2403,2400,52785
2014-12-31,2401,2403,2387,2389,2394,24105
2015-01-05,2385,2389,2377,2383,2383,35504
2015-01-06,2395,2403,2394,2398,2401,43628
2015-01-07,2400,2408,2398,2407,2403,28953
2015-01-08,2408,2419,2404,2417,2411,37261
2015-01-09,2415,2418,2407,2413,2410,33994
2015-01-12,2414,2422,2407,2417,2415,28825
2015-01-13,2413,2421,2407,2420,2413,43557
2015-01-14,2416,2418,2414,2417,2416,24316
2015-01-15,2416,2420,2415,2418,2417,12877
2015-01-16,2417,2419,2413,2418,2417,15323
2015-01-19,2419,2426,2418,2424,2421,26821
2015-01-20,2424,2426,2421,2423,2423,12564
2015-01-21,2423,2433,2421,2425,2427,28892
2015-01-22,2425,2429,2424,2428,2426,12277
2015-01-23,2427,2430,2422,2423,2424,18826
2015-01-26,2423,2437,2422,2436,2430,26987
2015-01-27,2437,2446,2437,2443,2442,36082
2015-01-28,2443,2444,2435,2441,2439,20711
2015-01-29,2443,2444,2437,2443,2441,18932
2015-01-30,2443,2451,2441,2443,2444,18384
2015-02-02,2442,2444,2431,2437,2436,34580
2015-02-03,2437,2450,2437,2450,2444,22600
2015-02-04,2454,2466,2453,2465,2460,49098
2015-02-05,2461,2489,2458,2459,2475,101133
2015-02-06,2461,2472,2456,2470,2463,21816
2015-02-09,2470,2481,2467,2478,2476,28812
2015-02-10,2495,2495,2471,2485,2482,25773
2015-02-11,2483,2484,2476,2482,2480,24342
2015-02-12,2479,2484,2475,2475,2479,24293
2015-02-13,2474,2484,2473,2482,2480,22969
2015-02-16,2480,2483,2475,2480,2479,16754
2015-02-17,2479,2483,2478,2480,2479,14547
2015-02-25,2479,2504,2479,2486,2490,21452
2015-02-26,2485,2489,2476,2486,2482,18494
2015-02-27,2484,2502,2484,2501,2495,32872
2015-03-02,2503,2506,2495,2499,2499,23577
2015-03-03,2491,2501,2491,2500,2499,18067
2015-03-04,2500,2519,2500,2518,2511,47882
2015-03-05,2511,2513,2502,2506,2506,36783
2015-03-06,2506,2510,2502,2503,2505,22446
2015-03-09,2500,2509,2496,2506,2503,56462
2015-03-10,2509,2533,2506,2524,2522,69650
2015-03-11,2526,2535,2521,2524,2528,46437
2015-03-12,2524,2529,2518,2525,2523,25634
2015-03-13,2519,2529,2516,2521,2523,29919
2015-03-16,2517,2524,2513,2517,2518,43748
2015-03-17,2515,2526,2515,2519,2520,21559
2015-03-18,2514,2517,2506,2507,2511,44133
2015-03-19,2509,2518,2502,2504,2508,37288
2015-03-20,2505,2509,2500,2503,2504,21931
2015-03-23,2508,2529,2507,2521,2519,28564
2015-03-24,2523,2528,2521,2525,2524,28294
2015-03-25,2524,2527,2506,2508,2515,32502
2015-03-26,2508,2508,2493,2506,2501,57436
2015-03-27,2507,2515,2501,2506,2507,38845
2015-03-30,2505,2509,2499,2501,2501,25139
2015-03-31,2500,2503,2487,2497,2497,23498
2015-04-01,2493,2501,2486,2494,2494,44197
2015-04-02,2494,2504,2494,2495,2497,23491
2015-04-03,2497,2499,2488,2490,2491,47241
2015-04-07,2489,2493,2487,2488,2490,36209
2015-04-08,2490,2494,2483,2487,2486,31197
2015-04-09,2491,2493,2484,2487,2486,35742
2015-04-10,2485,2502,2484,2500,2491,39693
2015-04-13,2500,2507,2496,2503,2502,31178
2015-04-14,2500,2503,2474,2480,2485,57385
2015-04-15,2484,2484,2464,2468,2472,67512
2015-04-16,2471,2474,2458,2465,2464,48652
2015-04-17,2467,2494,2463,2490,2481,66840
2015-04-20,2499,2499,2467,2469,2479,35380
2015-04-21,2468,2478,2465,2467,2470,35461
2015-04-22,2467,2478,2464,2474,2470,21516
2015-04-23,2475,2486,2474,2480,2478,18885
2015-04-24,2481,2484,2466,2473,2472,24039
2015-04-27,2472,2476,2467,2471,2471,16272
2015-04-28,2473,2474,2448,2448,2458,50129
2015-04-29,2447,2450,2436,2444,2441,47334
2015-04-30,2450,2461,2438,2460,2450,36436
2015-05-04,2451,2464,2451,2455,2458,19583
2015-05-05,2456,2461,2446,2455,2451,24605
2015-05-06,2456,2462,2452,2456,2456,21920
2015-05-07,2454,2462,2448,2456,2456,24686
2015-05-08,2454,2458,2450,2453,2453,22136
2015-05-11,2456,2459,2453,2455,2455,21801
2015-05-12,2452,2454,2448,2450,2449,17251
2015-05-13,2454,2478,2451,2459,2460,44656
2015-05-14,2462,2463,2451,2457,2455,30632
2015-05-15,2469,2469,2455,2460,2458,24465
2015-05-18,2458,2463,2452,2454,2456,19006
2015-05-19,2454,2461,2453,2461,2456,28338
2015-05-20,2459,2462,2449,2450,2451,41675
2015-05-21,2455,2455,2440,2442,2443,23057
2015-05-22,2441,2441,2422,2431,2429,47600
2015-05-25,2431,2431,2405,2406,2415,42529
2015-05-26,2408,2411,2387,2397,2400,33596
2015-05-27,2395,2399,2367,2374,2384,52275
2015-05-28,2377,2391,2376,2390,2386,38697
2015-05-29,2386,2405,2381,2396,2391,26954
2015-06-01,2399,2402,2382,2383,2386,29219
2015-06-02,2383,2388,2381,2388,2384,15954
2015-06-03,2387,2391,2370,2371,2378,23604
2015-06-04,2367,2374,2297,2297,2320,153893
2015-06-05,2303,2307,2283,2285,2293,77783
2015-06-08,2283,2297,2265,2291,2279,101498
2015-06-09,2296,2300,2274,2279,2281,60823
2015-06-10,2282,2282,2259,2267,2264,63680
2015-06-11,2262,2277,2261,2275,2268,65987
2015-06-12,2270,2271,2252,2262,2260,67406
2015-06-15,2248,2255,2245,2253,2248,55700
2015-06-16,2252,2262,2251,2261,2257,35660
2015-06-17,2265,2272,2258,2264,2263,40828
2015-06-18,2268,2268,2253,2262,2260,38987
2015-06-19,2257,2263,2253,2256,2258,25364
2015-06-23,2267,2276,2262,2266,2266,36746
2015-06-24,2266,2267,2252,2254,2257,32693
2015-06-25,2254,2260,2251,2254,2255,28086
2015-06-26,2262,2262,2243,2246,2248,62475
2015-06-29,2244,2252,2226,2230,2236,97748
2015-06-30,2225,2228,2206,2216,2213,88349
2015-07-01,2237,2264,2223,2236,2233,69281
2015-07-02,2235,2240,2225,2237,2232,32874
2015-07-03,2239,2247,2237,2244,2242,36726
2015-07-06,2242,2242,2229,2236,2235,40039
2015-07-07,2236,2241,2180,2202,2209,121567
2015-07-08,2177,2194,2123,2167,2154,321957
2015-07-09,2177,2205,2161,2176,2183,202589
2015-07-10,2177,2208,2177,2188,2193,177866
2015-07-13,2190,2195,2176,2179,2182,94091
2015-07-14,2184,2184,2147,2153,2159,202969
2015-07-15,2150,2166,2148,2162,2159,89888
2015-07-16,2168,2212,2160,2203,2197,230785
2015-07-17,2210,2233,2198,2229,2218,203251
2015-07-20,2236,2236,2213,2216,2218,122688
2015-07-21,2217,2224,2202,2210,2212,121862
2015-07-22,2214,2225,2208,2217,2216,122897
2015-07-23,2219,2226,2209,2224,2218,86382
2015-07-24,2227,2227,2177,2179,2193,190149
2015-07-27,2175,2175,2121,2131,2128,365877
2015-07-28,2125,2151,2115,2140,2128,294581
2015-07-29,2144,2151,2137,2144,2142,163253
2015-07-30,2142,2145,2122,2124,2127,176881
2015-07-31,2126,2136,2126,2130,2130,159740
2015-08-03,2125,2129,2115,2119,2118,135775
2015-08-04,2122,2135,2117,2124,2124,183628
2015-08-05,2126,2129,2091,2114,2106,338848
2015-08-06,2111,2114,2102,2109,2106,86322
2015-08-07,2106,2107,2089,2097,2093,187019
2015-08-10,2103,2110,2094,2105,2099,168058
2015-08-11,2115,2121,2100,2101,2109,182895
2015-08-12,2098,2110,2094,2109,2104,161581
2015-08-13,2095,2125,2095,2110,2108,207242
2015-08-14,2111,2123,2099,2103,2111,167979
2015-08-17,2105,2124,2099,2122,2117,207354
2015-08-18,2123,2132,2120,2126,2127,173538
2015-08-19,2125,2131,2117,2118,2116,198130
2015-08-20,2116,2116,2087,2089,2094,209846
2015-08-21,2092,2093,2044,2051,2058,349649
2015-08-24,2042,2047,2024,2034,2032,215838
2015-08-25,2041,2065,2031,2057,2046,286213
2015-08-26,2061,2065,2049,2051,2052,91591
2015-08-27,2051,2055,2033,2040,2039,161050
2015-08-28,2050,2055,2030,2033,2040,161534
2015-08-31,2028,2033,1954,1954,1994,335354
2015-09-01,1959,1976,1943,1963,1956,402657
2015-09-02,1953,1961,1950,1960,1956,143011
2015-09-07,1963,1967,1938,1952,1950,302606
2015-09-08,1950,1967,1944,1966,1955,243707
2015-09-09,1972,1978,1951,1953,1957,229296
2015-09-10,1959,1963,1937,1956,1948,347315
2015-09-11,1955,1966,1953,1955,1957,129163
2015-09-14,1958,1961,1936,1941,1942,178964
2015-09-15,1939,1947,1932,1936,1937,161333
2015-09-16,1942,1953,1934,1949,1937,185640
2015-09-17,1944,1946,1912,1925,1926,332297
2015-09-18,1922,1923,1854,1855,1878,867704
2015-09-21,1883,1896,1858,1869,1870,916535
2015-09-22,1874,1875,1851,1854,1857,369425
2015-09-23,1851,1861,1844,1859,1851,471650
2015-09-24,1858,1866,1851,1856,1857,271269
2015-09-25,1859,1876,1854,1860,1864,316391
2015-09-28,1854,1862,1849,1853,1854,212838
2015-09-29,1851,1851,1822,1830,1833,371100
2015-09-30,1831,1838,1824,1826,1829,308095
2015-10-08,1818,1835,1804,1826,1824,437726
2015-10-09,1826,1842,1820,1826,1830,361482
2015-10-12,1832,1839,1812,1818,1818,414731
2015-10-13,1812,1816,1788,1797,1798,554333
2015-10-14,1799,1826,1797,1822,1813,419379
2015-10-15,1820,1836,1817,1827,1826,285921
2015-10-16,1827,1836,1818,1836,1825,328367
2015-10-19,1834,1837,1820,1823,1828,375810
2015-10-20,1824,1825,1811,1816,1816,327753
2015-10-21,1820,1830,1817,1824,1822,284494
2015-10-22,1826,1830,1815,1823,1821,249201
2015-10-23,1818,1825,1813,1823,1819,246640
2015-10-26,1822,1846,1819,1841,1837,434428
2015-10-27,1841,1854,1835,1853,1844,373824
2015-10-28,1850,1852,1836,1837,1841,228461
2015-10-29,1838,1845,1826,1839,1836,239704
2015-10-30,1840,1844,1828,1829,1833,191160
2015-11-02,1834,1843,1832,1836,1837,186835
2015-11-03,1835,1856,1831,1854,1847,247733
2015-11-04,1853,1865,1851,1852,1858,309711
2015-11-05,1850,1863,1849,1855,1856,201906
2015-11-06,1853,1867,1842,1863,1856,263254
2015-11-09,1868,1917,1868,1894,1894,1278567
2015-11-10,1886,1886,1840,1848,1857,776572
2015-11-11,1840,1852,1839,1844,1844,297162
2015-11-12,1847,1875,1836,1865,1854,841581
2015-11-13,1866,1875,1857,1862,1864,423542
2015-11-16,1864,1884,1851,1852,1863,512008
2015-11-17,1850,1871,1841,1870,1855,537049
2015-11-18,1875,1876,1859,1868,1866,355614
2015-11-19,1869,1869,1841,1854,1854,566205
2015-11-20,1857,1865,1825,1835,1841,845149
2015-11-23,1838,1856,1835,1846,1845,516166
2015-11-24,1851,1859,1844,1849,1851,436292
2015-11-25,1850,1861,1835,1860,1850,532438
2015-11-26,1862,1878,1856,1863,1864,349455
2015-11-27,1862,1891,1856,1887,1874,467499
2015-11-30,1890,1901,1874,1883,1885,479271
2015-12-01,1887,1888,1871,1875,1876,279321
2015-12-02,1877,1885,1875,1880,1879,247690
2015-12-03,1879,1893,1868,1886,1882,269364
2015-12-04,1891,1893,1876,1878,1880,344186
2015-12-07,1874,1875,1839,1851,1854,565314
2015-12-08,1848,1857,1841,1851,1847,290492
2015-12-09,1852,1862,1848,1853,1851,198938
2015-12-10,1850,1868,1839,1866,1854,453794
2015-12-11,1866,1871,1858,1866,1863,173126
2015-12-14,1863,1878,1863,1866,1867,238969
2015-12-15,1867,1875,1866,1873,1870,171787
2015-12-16,1874,1876,1865,1871,1869,131044
2015-12-17,1869,1889,1868,1876,1876,199689
2015-12-18,1872,1893,1872,1892,1885,211688
2015-12-21,1890,1907,1889,1899,1896,313402
2015-12-22,1899,1910,1874,1876,1889,475461
2015-12-23,1874,1877,1862,1870,1868,304922
2015-12-24,1868,1871,1861,1864,1864,223055
2015-12-25,1863,1864,1848,1849,1851,214135
2015-12-28,1848,1848,1790,1795,1813,794354
2015-12-29,1807,1823,1800,1815,1814,312637
2015-12-30,1817,1853,1817,1832,1834,358578
2015-12-31,1830,1839,1827,1836,1833,155456
2016-01-04,1835,1839,1819,1829,1826,219249
2016-01-05,1828,1846,1825,1845,1836,242397
2016-01-06,1847,1857,1838,1855,1847,329998
2016-01-07,1856,1860,1833,1834,1842,399927
2016-01-08,1839,1839,1822,1823,1826,239734
2016-01-11,1813,1819,1806,1811,1809,248493
2016-01-12,1810,1817,1803,1812,1809,232418
2016-01-13,1812,1814,1804,1808,1807,124889
2016-01-14,1808,1811,1798,1799,1801,212538
2016-01-15,1800,1807,1795,1805,1801,152487
2016-01-18,1805,1817,1800,1808,1800,404878
2016-01-19,1800,1808,1794,1797,1797,260929
2016-01-20,1793,1804,1790,1797,1796,242718
2016-01-21,1797,1798,1790,1794,1794,138563
2016-01-22,1797,1806,1795,1799,1799,170062
2016-01-25,1801,1803,1795,1800,1797,105376
2016-01-26,1798,1806,1796,1801,1799,196289
2016-01-27,1804,1810,1794,1808,1802,250859
2016-01-28,1807,1807,1780,1788,1784,356414
2016-01-29,1783,1787,1763,1764,1769,327245
2016-02-01,1769,1770,1761,1765,1766,131582
2016-02-02,1765,1769,1762,1767,1765,108307
2016-02-03,1766,1776,1764,1774,1772,132289
2016-02-04,1777,1782,1773,1781,1776,178518
2016-02-05,1782,1782,1769,1770,1770,109886
2016-02-15,1773,1780,1762,1779,1772,135643
2016-02-16,1778,1789,1775,1776,1779,179601
2016-02-17,1773,1774,1757,1761,1764,272620
2016-02-18,1762,1770,1762,1766,1764,205145
2016-02-19,1766,1773,1732,1732,1744,327667
2016-02-22,1732,1732,1694,1695,1701,549476
2016-02-23,1695,1701,1680,1694,1690,443318
2016-02-24,1692,1698,1653,1653,1667,636086
2016-02-25,1651,1661,1641,1645,1648,444436
2016-02-26,1643,1650,1621,1621,1632,515223
2016-02-29,1613,1615,1573,1601,1589,1029507
2016-03-01,1604,1643,1602,1640,1625,843256
2016-03-02,1647,1648,1629,1637,1638,551568
2016-03-03,1637,1651,1631,1647,1642,451759
2016-03-04,1652,1657,1645,1656,1651,301683
2016-03-07,1653,1656,1606,1610,1617,864331
2016-03-08,1602,1630,1602,1608,1613,669349
2016-03-09,1600,1613,1599,1604,1607,589499
2016-03-10,1601,1611,1572,1584,1586,858103
2016-03-11,1570,1605,1570,1600,1589,667364
2016-03-14,1598,1603,1581,1583,1590,415989
2016-03-15,1584,1592,1581,1588,1586,355238
2016-03-16,1589,1590,1575,1583,1583,397063
2016-03-17,1586,1590,1576,1584,1581,396480
2016-03-18,1584,1634,1584,1616,1608,916418
2016-03-21,1616,1631,1601,1628,1621,648387
2016-03-22,1633,1635,1613,1621,1625,471617
2016-03-23,1621,1629,1596,1597,1609,825029
2016-03-24,1588,1608,1583,1600,1596,645839
2016-03-25,1607,1607,1587,1590,1592,586746
2016-03-28,1573,1573,1536,1541,1548,940999
2016-03-29,1536,1536,1511,1525,1518,939167
2016-03-30,1526,1535,1521,1527,1528,413166
2016-03-31,1524,1528,1515,1518,1517,398776
2016-04-01,1506,1517,1500,1511,1509,415974
2016-04-05,1514,1526,1512,1515,1520,297868
2016-04-06,1519,1524,1516,1518,1517,193427
2016-04-07,1519,1521,1514,1518,1517,164307
2016-04-08,1519,1520,1510,1514,1513,190347
2016-04-11,1515,1525,1510,1518,1517,421185
2016-04-12,1521,1528,1517,1527,1522,305356
2016-04-13,1536,1552,1530,1539,1540,726396
2016-04-14,1549,1566,1545,1563,1557,654653
2016-04-15,1562,1563,1540,1544,1551,570037
2016-04-18,1547,1585,1547,1564,1569,1136010
2016-04-19,1570,1580,1565,1573,1572,501432
2016-04-20,1584,1623,1584,1612,1604,1308386
2016-04-21,1634,1661,1634,1659,1655,1104765
2016-04-22,1640,1651,1600,1608,1620,1708690
2016-04-25,1593,1607,1581,1595,1595,643605
2016-04-26,1607,1615,1592,1603,1599,556715
2016-04-27,1610,1611,1574,1575,1585,594506
2016-04-28,1570,1580,1554,1573,1566,567577
2016-04-29,1581,1590,1566,1567,1575,364485
2016-05-03,1574,1594,1567,1592,1583,466360
2016-05-04,1574,1583,1568,1581,1575,349504
2016-05-05,1584,1585,1570,1571,1572,274253
2016-05-06,1555,1565,1537,1558,1557,354817
2016-05-09,1568,1571,1550,1557,1558,372975
2016-05-10,1547,1561,1545,1554,1554,242548
2016-05-11,1579,1601,1574,1597,1587,730973
2016-05-12,1589,1592,1576,1577,1582,381001
2016-05-13,1571,1580,1564,1571,1569,368046
2016-05-16,1572,1586,1566,1570,1573,412281
2016-05-17,1573,1577,1568,1576,1571,258357
2016-05-18,1586,1598,1550,1565,1580,727602
2016-05-19,1570,1577,1565,1576,1570,311216
2016-05-20,1575,1584,1566,1573,1571,228597
2016-05-23,1571,1582,1556,1559,1569,461944
2016-05-24,1554,1565,1543,1557,1553,423570
2016-05-25,1561,1565,1552,1555,1557,186016
2016-05-26,1563,1575,1560,1574,1567,265726
2016-05-27,1571,1602,1566,1589,1586,656236
2016-05-30,1596,1642,1594,1640,1620,873497
2016-05-31,1639,1658,1624,1633,1641,697272
2016-06-01,1627,1637,1621,1633,1628,412496
2016-06-02,1655,1658,1628,1629,1644,444210
2016-06-03,1636,1641,1623,1633,1632,466028
2016-06-06,1642,1654,1641,1646,1646,326193
2016-06-07,1653,1657,1635,1645,1645,298192
2016-06-08,1645,1647,1633,1634,1640,244415
2016-06-13,1649,1696,1645,1686,1676,898764
2016-06-14,1677,1690,1664,1686,1678,610569
2016-06-15,1692,1700,1610,1628,1647,993519
2016-06-16,1619,1626,1594,1595,1610,663978
2016-06-17,1599,1618,1594,1605,1604,461978
2016-06-20,1612,1621,1598,1608,1608,459790
2016-06-21,1602,1614,1598,1604,1604,350154
2016-06-22,1585,1596,1574,1593,1586,416575
2016-06-23,1590,1598,1569,1571,1581,438146
2016-06-24,1568,1578,1554,1556,1566,412725
2016-06-27,1563,1569,1554,1563,1561,529909
2016-06-28,1558,1590,1557,1580,1575,572497
2016-06-29,1580,1593,1567,1579,1578,493569
2016-06-30,1576,1602,1573,1594,1590,504195
2016-07-01,1593,1593,1562,1563,1580,509372
2016-07-04,1573,1603,1565,1593,1587,963950
2016-07-05,1588,1588,1533,1548,1557,957956
2016-07-06,1532,1537,1519,1527,1530,675892
2016-07-07,1534,1543,1513,1519,1527,671431
2016-07-08,1513,1538,1513,1533,1524,648211
2016-07-11,1542,1550,1537,1541,1543,359745
2016-07-12,1536,1537,1524,1534,1530,370353
2016-07-13,1542,1553,1533,1535,1543,510334
2016-07-14,1542,1543,1530,1536,1536,338899
2016-07-15,1519,1528,1519,1522,1524,342887
2016-07-18,1507,1518,1486,1488,1496,646490
2016-07-19,1491,1499,1483,1487,1488,454628
2016-07-20,1484,1499,1472,1497,1481,485896
2016-07-21,1491,1499,1489,1495,1494,337440
2016-07-22,1493,1496,1478,1483,1485,313605
2016-07-25,1486,1494,1479,1485,1487,302499
2016-07-26,1484,1492,1481,1490,1488,191807
2016-07-27,1494,1494,1479,1481,1484,254997
2016-07-28,1485,1486,1466,1467,1475,327615
2016-07-29,1465,1469,1450,1452,1459,354833
2016-08-01,1456,1463,1454,1458,1459,309647
2016-08-02,1454,1468,1444,1460,1456,477353
2016-08-03,1460,1465,1452,1460,1458,304896
2016-08-04,1460,1477,1460,1477,1467,404142
2016-08-05,1473,1486,1472,1475,1478,324057
2016-08-08,1477,1478,1455,1456,1463,396418
2016-08-09,1457,1464,1448,1449,1456,419571
2016-08-10,1450,1462,1448,1459,1457,348857
2016-08-11,1459,1465,1453,1455,1458,239737
2016-08-12,1457,1464,1455,1462,1458,191602
2016-08-15,1461,1484,1461,1482,1475,461207
2016-08-16,1483,1496,1480,1483,1487,481387
2016-08-17,1486,1494,1482,1491,1490,267682
2016-08-18,1487,1500,1479,1481,1489,455871
2016-08-19,1486,1487,1471,1473,1478,337982
2016-08-22,1476,1484,1471,1472,1476,288127
2016-08-23,1475,1479,1454,1461,1464,407588
2016-08-24,1461,1463,1450,1453,1455,274476
2016-08-25,1453,1464,1448,1458,1456,389926
2016-08-26,1456,1461,1452,1453,1456,232165
2016-08-29,1454,1478,1451,1472,1468,531013
2016-08-30,1474,1478,1465,1465,1471,372004
2016-08-31,1465,1469,1453,1454,1460,481661
2016-09-01,1454,1461,1451,1459,1456,283212
2016-09-02,1463,1467,1456,1460,1461,384791
2016-09-05,1461,1467,1429,1431,1441,807541
2016-09-06,1430,1436,1420,1434,1428,474998
2016-09-07,1434,1444,1433,1439,1438,342958
2016-09-08,1441,1445,1435,1442,1440,361137
2016-09-09,1445,1447,1439,1441,1442,210932
2016-09-12,1443,1445,1429,1435,1436,318636
2016-09-13,1437,1463,1435,1457,1452,607527
2016-09-14,1453,1455,1445,1450,1449,289273
2016-09-19,1454,1469,1447,1464,1457,709917
2016-09-20,1463,1467,1456,1463,1462,375631
2016-09-21,1467,1468,1435,1436,1449,749795
2016-09-22,1433,1444,1427,1434,1434,561747
2016-09-23,1432,1438,1421,1423,1428,496787
2016-09-26,1417,1432,1414,1420,1423,614914
2016-09-27,1415,1425,1407,1409,1415,569606
2016-09-28,1412,1414,1392,1396,1401,595819
2016-09-29,1401,1405,1386,1393,1395,454111
2016-09-30,1392,1401,1385,1398,1395,375491
2016-10-10,1403,1434,1403,1433,1419,687383
2016-10-11,1437,1438,1426,1429,1430,316486
2016-10-12,1430,1439,1422,1432,1429,339131
2016-10-13,1430,1438,1428,1436,1433,349966
2016-10-14,1444,1451,1438,1447,1445,541020
2016-10-17,1453,1463,1440,1447,1450,600193
2016-10-18,1448,1459,1436,1458,1446,500877
2016-10-19,1462,1468,1452,1461,1458,541617
2016-10-20,1468,1494,1465,1483,1480,992163
2016-10-21,1472,1481,1467,1478,1473,476631
2016-10-24,1480,1494,1478,1487,1487,479767
2016-10-25,1490,1491,1461,1464,1476,610076
2016-10-26,1462,1497,1461,1496,1479,639197
2016-10-27,1503,1519,1494,1516,1509,952205
2016-10-28,1525,1525,1500,1510,1509,687442
2016-10-31,1505,1512,1497,1503,1505,443855
2016-11-01,1501,1509,1495,1499,1500,457150
2016-11-02,1491,1506,1482,1499,1493,672478
2016-11-03,1496,1514,1496,1508,1507,432057
2016-11-04,1511,1523,1493,1496,1506,587188
2016-11-07,1501,1523,1501,1515,1513,463118
2016-11-08,1516,1568,1511,1546,1541,1214314
2016-11-09,1551,1561,1541,1553,1550,582866
2016-11-10,1547,1596,1544,1591,1574,989130
2016-11-11,1597,1623,1590,1615,1603,823823
2016-11-14,1570,1630,1552,1601,1598,1602186
2016-11-15,1606,1624,1585,1589,1603,893382
2016-11-16,1601,1607,1570,1585,1584,747600
2016-11-17,1580,1586,1569,1576,1576,420031
2016-11-18,1579,1587,1558,1561,1576,562974
2016-11-21,1567,1574,1560,1570,1567,468249
2016-11-22,1577,1602,1577,1586,1588,681091
2016-11-23,1591,1593,1572,1574,1579,511362
2016-11-24,1579,1583,1553,1556,1564,677265
2016-11-25,1553,1556,1521,1531,1536,675971
2016-11-28,1531,1549,1531,1541,1540,552862
2016-11-29,1538,1569,1538,1558,1555,869030
2016-11-30,1550,1578,1542,1556,1562,944168
2016-12-01,1557,1580,1557,1573,1570,665454
2016-12-02,1569,1584,1563,1576,1574,642220
2016-12-05,1579,1592,1576,1586,1584,649050
2016-12-06,1593,1596,1569,1570,1579,591215
2016-12-07,1572,1582,1566,1574,1574,487159
2016-12-08,1571,1572,1545,1547,1554,608414
2016-12-09,1544,1557,1538,1551,1549,414084
2016-12-12,1549,1550,1523,1533,1538,732485
2016-12-13,1532,1543,1532,1540,1539,356296
2016-12-14,1536,1545,1533,1533,1538,344045
2016-12-15,1534,1559,1526,1550,1544,572977
2016-12-16,1551,1572,1546,1560,1560,630451
2016-12-19,1560,1568,1526,1527,1550,940156
2016-12-20,1522,1531,1506,1513,1518,891480
2016-12-21,1509,1521,1502,1508,1510,593863
2016-12-22,1511,1515,1492,1492,1506,482208
2016-12-23,1498,1519,1489,1515,1505,639439
2016-12-26,1515,1536,1510,1530,1523,811848
2016-12-27,1530,1537,1524,1528,1531,499213
2016-12-28,1538,1547,1520,1532,1529,580590
2016-12-29,1528,1549,1516,1521,1530,871369
2016-12-30,1521,1533,1512,1525,1525,502605
2017-01-03,1524,1537,1522,1527,1528,513671
2017-01-04,1529,1551,1527,1541,1540,876202
2017-01-05,1546,1548,1533,1534,1539,469560
2017-01-06,1536,1544,1514,1523,1529,772573
2017-01-09,1520,1524,1509,1516,1516,499756
2017-01-10,1518,1524,1507,1512,1516,532278
2017-01-11,1515,1524,1512,1517,1518,559263
2017-01-12,1517,1524,1509,1517,1516,638656
2017-01-13,1522,1535,1521,1523,1527,657784
2017-01-16,1528,1541,1526,1538,1536,641999
2017-01-17,1539,1549,1531,1534,1540,572099
2017-01-18,1538,1576,1536,1574,1556,1193845
2017-01-19,1573,1588,1569,1573,1576,1264914
2017-01-20,1572,1587,1565,1582,1576,815737
2017-01-23,1586,1594,1578,1590,1586,676017
2017-01-24,1591,1598,1576,1579,1588,823088
2017-01-25,1576,1576,1564,1574,1570,478972
2017-01-26,1578,1583,1573,1578,1577,202354
2017-02-03,1576,1595,1576,1593,1587,478099
2017-02-06,1598,1652,1598,1620,1625,2351397
2017-02-07,1622,1626,1608,1612,1617,1356865
2017-02-08,1617,1632,1615,1626,1624,1246917
2017-02-09,1631,1644,1621,1626,1633,1555577
2017-02-10,1625,1635,1614,1629,1626,1062903
2017-02-13,1637,1646,1626,1629,1636,1198723
2017-02-14,1630,1633,1601,1602,1615,1483706
2017-02-15,1598,1610,1590,1590,1601,896819
2017-02-16,1602,1613,1595,1602,1606,1199585
2017-02-17,1599,1605,1583,1598,1593,983532
2017-02-20,1597,1616,1595,1615,1609,820606
2017-02-21,1616,1633,1616,1619,1626,1320466
2017-02-22,1616,1632,1614,1631,1623,767476
2017-02-23,1631,1637,1609,1617,1623,972647
2017-02-24,1609,1629,1600,1628,1616,979466
2017-02-27,1632,1645,1631,1643,1639,1175634
2017-02-28,1642,1654,1638,1645,1646,1010079
2017-03-01,1649,1654,1632,1644,1642,1040969
2017-03-02,1652,1659,1648,1651,1654,855685
2017-03-03,1647,1669,1643,1669,1655,911980
2017-03-06,1673,1696,1673,1688,1688,1618792
2017-03-07,1691,1694,1679,1685,1686,1006418
2017-03-08,1680,1682,1664,1670,1674,1195997
2017-03-09,1666,1671,1650,1659,1659,1547194
2017-03-10,1652,1658,1637,1639,1647,1134826
2017-03-13,1631,1649,1628,1647,1641,747419
2017-03-14,1644,1655,1623,1624,1643,1344382
2017-03-15,1632,1640,1627,1638,1635,846544
2017-03-16,1640,1647,1626,1637,1636,983225
2017-03-17,1636,1643,1631,1641,1638,660765
2017-03-20,1648,1668,1646,1666,1658,1052629
2017-03-21,1661,1673,1659,1671,1667,863809
2017-03-22,1670,1697,1667,1696,1685,1428375
2017-03-23,1696,1701,1674,1680,1686,1058804
2017-03-24,1681,1700,1675,1693,1687,1117536
2017-03-27,1697,1710,1680,1695,1695,1196190
2017-03-28,1698,1711,1688,1706,1699,980973
2017-03-29,1703,1705,1659,1669,1679,1647688
2017-03-30,1669,1673,1662,1667,1668,631596
2017-03-31,1667,1676,1659,1671,1670,651767
2017-04-05,1674,1682,1666,1681,1675,707257
2017-04-06,1681,1691,1656,1689,1677,1342421
2017-04-07,1684,1691,1666,1670,1676,1081912
2017-04-10,1673,1684,1662,1676,1674,701183
2017-04-11,1682,1687,1638,1640,1657,1570229
2017-04-12,1638,1645,1630,1632,1638,698040
2017-04-13,1635,1643,1628,1640,1637,649406
2017-04-14,1642,1649,1638,1644,1643,540535
2017-04-17,1647,1651,1636,1643,1642,554300
2017-04-18,1642,1643,1630,1633,1636,605909
2017-04-19,1629,1630,1612,1622,1620,765845
2017-04-20,1622,1634,1620,1632,1628,425974
2017-04-21,1628,1655,1627,1655,1642,668962
2017-04-24,1655,1657,1642,1648,1649,500466
2017-04-25,1646,1651,1635,1638,1642,504396
2017-04-26,1644,1652,1643,1644,1645,377821
2017-04-27,1643,1643,1625,1632,1631,614850
2017-04-28,1635,1637,1629,1632,1632,271818
2017-05-02,1640,1661,1632,1659,1653,758390
2017-05-03,1655,1656,1646,1648,1650,345885
2017-05-04,1643,1661,1636,1650,1652,675755
2017-05-05,1647,1658,1643,1650,1651,578199
2017-05-08,1657,1664,1646,1652,1654,747178
2017-05-09,1650,1652,1632,1639,1640,624180
2017-05-10,1643,1646,1630,1637,1638,435711
2017-05-11,1642,1656,1634,1656,1644,478459
2017-05-12,1654,1656,1648,1656,1652,355796
2017-05-15,1657,1671,1641,1642,1656,767478
2017-05-16,1637,1647,1636,1643,1643,389993
2017-05-17,1646,1657,1644,1657,1652,453222
2017-05-18,1654,1656,1647,1653,1651,344159
2017-05-19,1653,1661,1651,1657,1656,332901
2017-05-22,1656,1660,1627,1632,1637,800418
2017-05-23,1635,1640,1627,1629,1633,350128
2017-05-24,1626,1642,1621,1636,1635,505670
2017-05-25,1638,1639,1629,1633,1632,272552
2017-05-26,1631,1637,1627,1634,1633,272647
2017-05-31,1635,1638,1619,1622,1628,535383
2017-06-01,1626,1644,1621,1640,1632,686911
2017-06-02,1638,1651,1634,1649,1645,451686
2017-06-05,1647,1655,1645,1653,1649,304685
2017-06-06,1652,1655,1644,1652,1649,261551
2017-06-07,1656,1658,1649,1652,1653,264654
2017-06-08,1656,1659,1648,1653,1653,400340
2017-06-09,1653,1692,1652,1690,1671,949009
2017-06-12,1691,1709,1682,1708,1694,639996
2017-06-13,1700,1705,1688,1691,1696,537756
2017-06-14,1692,1705,1691,1704,1697,369630
2017-06-15,1696,1708,1693,1701,1699,360178
2017-06-16,1701,1711,1692,1694,1699,432097
2017-06-19,1693,1701,1679,1680,1689,540730
2017-06-20,1679,1684,1674,1683,1679,345076
2017-06-21,1677,1689,1677,1686,1684,241982
2017-06-22,1683,1687,1677,1680,1682,202931
2017-06-23,1678,1695,1670,1691,1685,453283
2017-06-26,1690,1717,1689,1706,1709,665024
2017-06-27,1705,1714,1703,1713,1708,337811
2017-06-28,1710,1726,1700,1702,1714,615630
2017-06-29,1705,1709,1699,1702,1704,316981
2017-06-30,1703,1709,1698,1700,1703,387359
2017-07-03,1718,1720,1697,1703,1704,446934
2017-07-04,1701,1707,1690,1695,1697,364481
2017-07-05,1697,1703,1695,1698,1699,244382
2017-07-06,1699,1703,1685,1689,1692,347760
2017-07-07,1692,1695,1681,1695,1689,441084
2017-07-10,1702,1711,1689,1689,1701,472704
2017-07-11,1695,1698,1689,1694,1693,323922
2017-07-12,1695,1706,1695,1699,1700,335792
2017-07-13,1696,1696,1680,1683,1687,437115
2017-07-14,1675,1686,1675,1683,1682,366789
2017-07-17,1685,1704,1674,1701,1690,599938
2017-07-18,1709,1709,1694,1700,1702,443009
2017-07-19,1700,1702,1688,1690,1695,332426
2017-07-20,1693,1704,1691,1698,1697,338494
2017-07-21,1699,1704,1687,1690,1693,470977
2017-07-24,1680,1684,1677,1678,1680,337985
2017-07-25,1684,1685,1673,1680,1678,322086
2017-07-26,1677,1680,1666,1668,1672,351421
2017-07-27,1671,1675,1667,1670,1672,312225
2017-07-28,1671,1683,1667,1677,1675,427319
2017-07-31,1675,1676,1662,1665,1668,394633
2017-08-01,1666,1673,1664,1666,1667,279551
2017-08-02,1666,1668,1655,1666,1662,379764
2017-08-03,1666,1673,1664,1667,1669,226075
2017-08-04,1668,1676,1665,1673,1672,208051
2017-08-07,1678,1681,1655,1672,1671,289657
2017-08-08,1675,1680,1674,1679,1678,226321
2017-08-09,1679,1714,1679,1710,1700,684580
2017-08-10,1709,1719,1707,1715,1712,407629
2017-08-11,1698,1725,1698,1723,1713,467100
2017-08-14,1722,1732,1716,1719,1722,342881
2017-08-15,1721,1737,1717,1719,1726,488613
2017-08-16,1718,1726,1716,1723,1722,218497
2017-08-17,1725,1741,1724,1737,1735,491668
2017-08-18,1733,1740,1728,1730,1733,226239
2017-08-21,1730,1739,1723,1728,1732,331247
2017-08-22,1728,1743,1720,1739,1732,312578
2017-08-23,1739,1746,1730,1730,1738,350854
2017-08-24,1727,1732,1724,1729,1728,204491
2017-08-25,1730,1733,1719,1723,1725,257991
2017-08-28,1724,1727,1719,1723,1723,191050
2017-08-29,1721,1727,1702,1706,1713,420323
2017-08-30,1704,1706,1696,1698,1701,242720
2017-08-31,1698,1702,1691,1693,1697,250420
2017-09-01,1701,1702,1695,1696,1698,261104
2017-09-04,1698,1722,1696,1719,1712,423270
2017-09-05,1720,1721,1713,1720,1717,171990
2017-09-06,1719,1731,1718,1720,1726,248492
2017-09-07,1722,1732,1721,1725,1726,179531
2017-09-08,1725,1729,1692,1694,1705,486907
2017-09-11,1692,1700,1689,1695,1695,237423
2017-09-12,1697,1699,1690,1698,1694,199760
2017-09-13,1700,1702,1686,1699,1694,317518
2017-09-14,1703,1727,1702,1711,1718,591493
2017-09-15,1711,1714,1700,1700,1706,267232
2017-09-18,1700,1705,1696,1701,1702,180045
2017-09-19,1699,1710,1699,1705,1706,200723
2017-09-20,1706,1717,1702,1704,1710,280125
2017-09-21,1704,1718,1704,1716,1710,304817
2017-09-22,1718,1733,1712,1723,1722,565165
2017-09-25,1723,1725,1714,1720,1719,234575
2017-09-26,1721,1739,1721,1731,1731,428742
2017-09-27,1731,1732,1719,1722,1724,311880
2017-09-28,1723,1723,1702,1704,1712,435286
2017-09-29,1706,1708,1698,1704,1703,202908
2017-10-09,1691,1695,1677,1679,1684,468111
2017-10-10,1679,1688,1679,1683,1683,241625
2017-10-11,1687,1692,1682,1684,1686,210554
2017-10-12,1686,1690,1684,1687,1687,188366
2017-10-13,1691,1698,1689,1691,1693,203267
2017-10-16,1695,1698,1685,1692,1690,243688
2017-10-17,1691,1695,1688,1692,1691,166580
2017-10-18,1691,1699,1687,1689,1690,148304
2017-10-19,1688,1689,1675,1686,1683,271618
2017-10-20,1683,1686,1680,1682,1683,142974
2017-10-23,1678,1681,1674,1676,1677,219466
2017-10-24,1682,1686,1675,1679,1680,305505
2017-10-25,1682,1694,1681,1689,1687,258370
2017-10-26,1689,1691,1684,1687,1687,152928
2017-10-27,1685,1688,1679,1679,1682,226331
2017-10-30,1676,1676,1662,1671,1671,282897
2017-10-31,1672,1674,1667,1672,1671,145325
2017-11-01,1671,1685,1664,1677,1677,357839
2017-11-02,1679,1683,1679,1682,1681,146194
2017-11-03,1686,1690,1682,1689,1686,191518
2017-11-06,1685,1697,1685,1691,1690,253622
2017-11-07,1687,1700,1687,1698,1695,297353
2017-11-08,1702,1705,1691,1701,1697,378914
2017-11-09,1700,1702,1692,1700,1696,247402
2017-11-10,1695,1703,1691,1702,1698,405662
2017-11-13,1701,1707,1699,1705,1702,196685
2017-11-14,1702,1721,1701,1711,1710,496023
2017-11-15,1707,1716,1704,1712,1709,276532
2017-11-16,1715,1715,1705,1707,1708,177185
2017-11-17,1708,1710,1695,1696,1700,278069
2017-11-20,1701,1713,1700,1710,1706,244061
2017-11-21,1709,1716,1707,1713,1711,200797
2017-11-22,1713,1721,1712,1720,1718,181058
2017-11-23,1722,1729,1722,1725,1726,219870
2017-11-24,1728,1732,1717,1721,1724,249487
2017-11-27,1724,1730,1720,1725,1725,194123
2017-11-28,1725,1731,1724,1730,1727,138362
2017-11-29,1733,1745,1731,1741,1738,258761
2017-11-30,1743,1746,1735,1739,1741,235021
2017-12-01,1741,1741,1729,1736,1734,345396
2017-12-04,1739,1752,1739,1750,1747,309583
2017-12-05,1747,1759,1747,1756,1755,337055
2017-12-06,1756,1767,1756,1765,1763,334704
2017-12-07,1764,1766,1750,1752,1758,459239
2017-12-08,1753,1758,1751,1757,1756,152904
2017-12-11,1762,1764,1751,1755,1757,246465
2017-12-12,1757,1759,1752,1755,1755,157630
2017-12-13,1755,1766,1754,1765,1761,177700
2017-12-14,1767,1775,1765,1773,1771,210274
2017-12-15,1773,1782,1771,1780,1776,218725
2017-12-18,1786,1811,1785,1809,1800,466589
2017-12-19,1811,1818,1801,1804,1808,294682
2017-12-20,1805,1813,1805,1807,1808,229003
2017-12-21,1808,1826,1808,1826,1820,324638
2017-12-22,1826,1827,1811,1815,1816,286019
2017-12-25,1815,1815,1795,1800,1802,411244
2017-12-26,1798,1807,1796,1801,1800,235339
2017-12-27,1807,1815,1805,1808,1809,235734
2017-12-28,1830,1830,1801,1807,1807,188157
2017-12-29,1806,1810,1803,1809,1806,120084
2018-01-02,1811,1826,1808,1821,1820,208027
2018-01-03,1830,1848,1829,1845,1840,302341
2018-01-04,1844,1845,1831,1840,1836,197580
2018-01-05,1842,1852,1840,1845,1847,210512
2018-01-08,1847,1847,1819,1820,1831,364311
2018-01-09,1818,1823,1812,1820,1816,287765
2018-01-10,1819,1826,1817,1823,1821,171831
2018-01-11,1822,1827,1811,1816,1817,211516
2018-01-12,1817,1822,1809,1821,1815,184625
2018-01-15,1825,1836,1818,1819,1826,326170
2018-01-16,1819,1821,1814,1816,1817,187945
2018-01-17,1816,1817,1810,1811,1813,177433
2018-01-18,1813,1813,1801,1805,1806,264493
2018-01-19,1808,1808,1795,1797,1799,220298
2018-01-22,1798,1801,1791,1793,1795,220413
2018-01-23,1793,1797,1777,1777,1788,278159
2018-01-24,1780,1787,1779,1783,1783,181668
2018-01-25,1787,1791,1782,1783,1786,178587
2018-01-26,1781,1792,1781,1791,1786,160243
2018-01-29,1792,1793,1787,1789,1789,148006
2018-01-30,1787,1793,1785,1787,1788,119609
2018-01-31,1786,1791,1780,1783,1785,171559
2018-02-01,1784,1800,1782,1799,1792,320569
2018-02-02,1800,1803,1795,1798,1798,183380
2018-02-05,1804,1815,1803,1810,1811,302461
2018-02-06,1810,1811,1802,1808,1806,210152
2018-02-07,1813,1819,1809,1814,1813,259788
2018-02-08,1816,1819,1810,1814,1812,176664
2018-02-09,1816,1819,1806,1811,1811,235795
2018-02-12,1811,1812,1802,1804,1806,212699
2018-02-13,1807,1807,1786,1788,1793,294223
2018-02-14,1786,1801,1785,1800,1791,145016
2018-02-22,1804,1808,1798,1805,1803,220824
2018-02-23,1804,1808,1796,1799,1800,272942
2018-02-26,1806,1820,1802,1813,1810,422632
2018-02-27,1814,1814,1808,1810,1810,205880
2018-02-28,1806,1816,1806,1813,1811,183835
2018-03-01,1819,1821,1807,1808,1812,385375
2018-03-02,1811,1830,1808,1816,1818,536283
2018-03-05,1823,1840,1818,1838,1832,616353
2018-03-06,1838,1848,1838,1843,1842,363829
2018-03-07,1844,1844,1819,1822,1828,443611
2018-03-08,1818,1818,1800,1810,1807,509551
2018-03-09,1813,1815,1799,1799,1804,411692
2018-03-12,1796,1799,1790,1791,1793,385680
2018-03-13,1791,1796,1788,1794,1791,335472
2018-03-14,1793,1796,1789,1789,1791,341025
2018-03-15,1786,1789,1781,1782,1784,407022
2018-03-16,1786,1793,1785,1791,1788,362898
2018-03-19,1793,1796,1782,1785,1787,323879
2018-03-20,1784,1785,1774,1777,1777,467482
2018-03-21,1778,1780,1773,1773,1776,278204
2018-03-22,1774,1774,1762,1763,1767,506404
2018-03-23,1764,1769,1758,1764,1761,431925
2018-03-26,1757,1772,1757,1768,1764,560609
2018-03-27,1765,1768,1752,1754,1759,389326
2018-03-28,1752,1761,1749,1757,1755,292299
2018-03-29,1755,1759,1750,1752,1753,197325
2018-03-30,1758,1760,1751,1752,1754,238396
2018-04-02,1752,1761,1746,1757,1752,797440
2018-04-03,1756,1761,1752,1753,1756,451337
2018-04-04,1754,1766,1754,1766,1762,574151
2018-04-09,1764,1777,1758,1762,1768,620423
2018-04-10,1763,1763,1751,1752,1755,581600
2018-04-11,1752,1757,1750,1753,1753,546596
2018-04-12,1748,1751,1744,1745,1747,506225
2018-04-13,1745,1752,1742,1749,1747,293281
2018-04-16,1748,1749,1743,1744,1745,263347
2018-04-17,1743,1746,1739,1743,1742,281403
2018-04-18,1744,1748,1741,1741,1743,183006
2018-04-19,1742,1744,1737,1742,1739,314855
2018-04-20,1743,1753,1743,1747,1748,289360
2018-04-23,1747,1754,1745,1746,1749,206483
2018-04-24,1747,1749,1742,1742,1745,130504
2018-04-25,1739,1745,1738,1741,1740,157126
2018-04-26,1741,1741,1729,1731,1734,227677
2018-04-27,1732,1737,1728,1735,1734,181127
2018-05-02,1737,1743,1732,1740,1738,273088
2018-05-03,1741,1745,1736,1744,1741,225734
2018-05-04,1744,1751,1741,1748,1747,206434
2018-05-07,1748,1753,1743,1750,1748,190309
2018-05-08,1749,1754,1746,1753,1750,148576
2018-05-09,1754,1758,1753,1755,1755,124147
2018-05-10,1756,1763,1755,1759,1760,155870
2018-05-11,1759,1761,1755,1760,1758,101892
2018-05-14,1759,1779,1759,1771,1770,274970
2018-05-15,1771,1775,1766,1775,1770,152725
2018-05-16,1774,1779,1773,1779,1776,146709
2018-05-17,1778,1784,1775,1778,1780,160571
2018-05-18,1780,1784,1764,1783,1773,271093
2018-05-21,1785,1797,1774,1796,1789,321515
2018-05-22,1794,1796,1785,1787,1790,164103
2018-05-23,1786,1792,1776,1780,1783,219894
2018-05-24,1783,1813,1783,1804,1801,405192
2018-05-25,1803,1803,1794,1798,1798,164944
2018-05-28,1798,1810,1795,1802,1802,198867
2018-05-29,1802,1812,1799,1809,1807,214137
2018-05-30,1805,1814,1800,1801,1807,232863
2018-05-31,1804,1808,1795,1798,1800,215408
2018-06-01,1799,1804,1788,1790,1794,358760
2018-06-04,1793,1799,1786,1794,1795,207754
2018-06-05,1792,1794,1782,1787,1786,304510
2018-06-06,1789,1791,1787,1788,1789,162186
2018-06-07,1786,1795,1785,1794,1789,183096
2018-06-08,1792,1796,1779,1779,1787,281190
2018-06-11,1780,1783,1776,1779,1780,140118
2018-06-12,1777,1782,1776,1778,1779,130764
2018-06-13,1779,1786,1778,1782,1783,158533
2018-06-14,1782,1791,1780,1790,1787,197094
2018-06-15,1794,1797,1786,1787,1793,177528
2018-06-19,1795,1801,1780,1788,1793,307213
2018-06-20,1790,1797,1788,1797,1792,133937
2018-06-21,1797,1800,1792,1793,1796,145002
2018-06-22,1793,1796,1789,1794,1792,120642
2018-06-25,1794,1802,1791,1800,1797,177548
2018-06-26,1801,1810,1797,1806,1804,188252
2018-06-27,1808,1818,1806,1817,1813,212630
2018-06-28,1814,1820,1806,1815,1812,193716
2018-06-29,1814,1825,1814,1825,1820,181574
2018-07-02,1826,1829,1821,1823,1826,160714
2018-07-03,1823,1827,1816,1825,1822,135061
2018-07-04,1825,1828,1820,1824,1824,195226
2018-07-05,1822,1824,1814,1820,1819,181903
2018-07-06,1818,1824,1815,1823,1820,190926
2018-07-09,1824,1833,1823,1828,1829,239136
2018-07-10,1828,1829,1820,1822,1825,155171
2018-07-11,1821,1828,1821,1824,1826,145413
2018-07-12,1823,1827,1819,1823,1823,167096
2018-07-13,1824,1831,1821,1828,1828,157190
2018-07-16,1829,1856,1828,1844,1846,493524
2018-07-17,1846,1849,1841,1844,1845,164379
2018-07-18,1845,1847,1841,1844,1844,112479
2018-07-19,1846,1849,1842,1844,1845,108911
2018-07-20,1846,1848,1841,1843,1844,158647
2018-07-23,1844,1846,1815,1825,1832,303842
2018-07-24,1825,1831,1825,1831,1829,167772
2018-07-25,1832,1833,1826,1826,1829,127451
2018-07-26,1828,1829,1823,1828,1826,104036
2018-07-27,1826,1828,1821,1822,1823,136854
2018-07-30,1823,1835,1819,1834,1828,164474
2018-07-31,1834,1846,1833,1845,1840,200436
2018-08-01,1845,1848,1842,1848,1846,140797
2018-08-02,1847,1852,1844,1845,1847,155871
2018-08-03,1847,1850,1838,1841,1844,152041
2018-08-06,1843,1869,1843,1867,1860,405819
2018-08-07,1868,1871,1862,1865,1866,223077
2018-08-08,1866,1893,1863,1885,1879,444058
2018-08-09,1885,1896,1871,1874,1884,361805
2018-08-10,1874,1885,1872,1875,1876,240049
2018-08-13,1872,1904,1868,1893,1890,424762
2018-08-14,1896,1900,1888,1893,1893,244518
2018-08-15,1894,1900,1889,1894,1894,212982
2018-08-16,1889,1893,1884,1885,1887,286941
2018-08-17,1884,1884,1866,1869,1872,353064
2018-08-20,1874,1884,1869,1877,1876,201922
2018-08-21,1878,1882,1873,1875,1877,156061
2018-08-22,1873,1890,1873,1889,1881,234659
2018-08-23,1889,1906,1886,1886,1896,540806
2018-08-24,1886,1890,1883,1885,1887,171290
2018-08-27,1889,1899,1884,1891,1892,229881
2018-08-28,1891,1898,1888,1896,1894,211279
2018-08-29,1899,1899,1886,1886,1890,172172
2018-08-30,1887,1897,1887,1895,1890,168725
2018-08-31,1895,1916,1893,1915,1910,478385
2018-09-03,1915,1940,1911,1939,1930,474821
2018-09-04,1937,1954,1931,1933,1943,596231
2018-09-05,1935,1941,1929,1936,1937,246946
2018-09-06,1939,1950,1929,1935,1940,393055
2018-09-07,1939,1940,1932,1936,1936,216260
2018-09-10,1938,1954,1938,1948,1947,395840
2018-09-11,1947,1953,1938,1943,1944,249161
2018-09-12,1945,1946,1933,1935,1939,386504
2018-09-13,1929,1930,1915,1917,1921,429925
2018-09-14,1916,1922,1913,1916,1917,198390
2018-09-17,1920,1922,1916,1919,1919,187794
2018-09-18,1922,1929,1917,1921,1923,231055
2018-09-19,1919,1925,1916,1925,1921,126725
2018-09-20,1925,1931,1925,1931,1928,170404
2018-09-21,1932,1938,1922,1924,1931,283955
2018-09-25,1919,1923,1903,1906,1913,368211
2018-09-26,1909,1913,1901,1902,1907,207695
2018-09-27,1905,1905,1892,1896,1897,236356
2018-09-28,1898,1899,1890,1892,1895,177064
2018-10-08,1893,1912,1892,1910,1903,361835
2018-10-09,1911,1915,1905,1908,1909,251346
2018-10-10,1908,1910,1884,1891,1893,388800
2018-10-11,1887,1913,1885,1913,1904,381915
2018-10-12,1913,1915,1907,1913,1913,238236
2018-10-15,1915,1919,1898,1903,1905,286322
2018-10-16,1905,1908,1901,1904,1904,178335
2018-10-17,1905,1908,1901,1908,1905,132251
2018-10-18,1910,1920,1908,1917,1914,296051
2018-10-19,1917,1932,1914,1924,1923,355186
2018-10-22,1928,1939,1927,1938,1935,320697
2018-10-23,1941,1945,1933,1933,1939,241083
2018-10-24,1933,1939,1929,1938,1934,183047
2018-10-25,1938,1946,1937,1944,1942,252211
2018-10-26,1945,1950,1935,1943,1941,260500
2018-10-29,1946,1952,1939,1952,1945,257424
2018-10-30,1953,1972,1951,1970,1964,348389
2018-10-31,1970,1970,1947,1954,1955,329825
2018-11-01,1954,1958,1949,1953,1954,191655
2018-11-02,1939,1947,1929,1941,1940,412745
2018-11-05,1939,1953,1939,1949,1948,225477
2018-11-06,1951,1954,1946,1952,1950,192523
2018-11-07,1955,1966,1952,1954,1960,316247
2018-11-08,1956,1962,1952,1960,1958,220440
2018-11-09,1959,1976,1959,1975,1969,299572
2018-11-12,1980,1995,1976,1982,1984,530710
2018-11-13,1981,1983,1957,1965,1968,389201
2018-11-14,1963,1965,1951,1956,1960,320425
2018-11-15,1959,1964,1937,1938,1950,394341
2018-11-16,1940,1952,1940,1947,1946,235914
2018-11-19,1948,1959,1943,1956,1952,282197
2018-11-20,1959,1960,1940,1944,1949,363079
2018-11-21,1939,1953,1934,1948,1945,427140
2018-11-22,1948,1951,1929,1935,1936,394774
2018-11-23,1937,1944,1935,1939,1940,263727
2018-11-26,1944,1949,1942,1945,1945,308184
2018-11-27,1947,1956,1943,1956,1949,374442
2018-11-28,1957,1964,1945,1963,1953,348136
2018-11-29,1964,1968,1951,1952,1957,322826
2018-11-30,1952,1955,1943,1949,1949,354142
2018-12-03,1927,1938,1894,1909,1914,828671
2018-12-04,1906,1909,1876,1880,1890,628113
2018-12-05,1881,1895,1873,1886,1884,446738
2018-12-06,1887,1897,1882,1892,1891,332207
2018-12-07,1889,1890,1865,1867,1875,459743
2018-12-10,1866,1877,1866,1870,1871,272871
2018-12-11,1869,1881,1867,1877,1874,261913
2018-12-12,1877,1882,1873,1878,1877,205530
2018-12-13,1877,1882,1873,1881,1879,149392
2018-12-14,1881,1884,1865,1880,1874,314140
2018-12-17,1873,1874,1865,1869,1870,227795
2018-12-18,1869,1869,1856,1858,1861,281748
2018-12-19,1858,1881,1856,1876,1872,330349
2018-12-20,1876,1879,1872,1875,1875,185740
2018-12-21,1875,1876,1867,1869,1870,170638
2018-12-24,1863,1863,1837,1837,1846,336613
2018-12-25,1840,1858,1838,1853,1847,315802
2018-12-26,1853,1865,1851,1860,1858,265599
2018-12-27,1863,1865,1852,1856,1858,210515
2018-12-28,1860,1874,1860,1872,1868,257648
2019-01-02,1869,1869,1859,1865,1864,160626
2019-01-03,1869,1877,1865,1875,1871,181149
2019-01-04,1875,1876,1865,1869,1869,188408
2019-01-07,1870,1873,1855,1860,1860,268637
2019-01-08,1860,1860,1842,1846,1848,253984
2019-01-09,1847,1853,1844,1852,1850,158824
2019-01-10,1849,1851,1841,1844,1844,175931
2019-01-11,1844,1845,1832,1834,1837,240503
2019-01-14,1827,1827,1812,1819,1818,332321
2019-01-15,1819,1822,1814,1818,1817,169217
2019-01-16,1814,1839,1810,1834,1823,359875
2019-01-17,1833,1836,1821,1827,1827,221092
2019-01-18,1826,1834,1825,1831,1830,202986
2019-01-21,1832,1845,1832,1841,1840,293184
2019-01-22,1842,1852,1840,1849,1846,303578
2019-01-23,1849,1854,1842,1846,1848,226432
2019-01-24,1846,1846,1837,1844,1842,200875
2019-01-25,1848,1879,1848,1870,1865,505409
2019-01-28,1867,1868,1858,1861,1862,158220
2019-01-29,1861,1866,1860,1865,1863,135088
2019-01-30,1866,1875,1866,1872,1870,144894
2019-01-31,1873,1875,1860,1871,1869,194048
2019-02-01,1874,1882,1869,1880,1875,155457
2019-02-11,1880,1881,1867,1874,1872,154790
2019-02-12,1875,1879,1868,1870,1872,185434
2019-02-13,1869,1869,1857,1857,1862,187213
2019-02-14,1856,1857,1841,1841,1848,263876
2019-02-15,1839,1847,1836,1844,1843,205482
2019-02-18,1836,1836,1821,1825,1828,337598
2019-02-19,1825,1838,1822,1833,1831,297600
2019-02-20,1828,1829,1817,1817,1822,261647
2019-02-21,1817,1828,1816,1819,1822,209397
2019-02-22,1817,1825,1814,1821,1821,213380
2019-02-25,1802,1803,1792,1796,1797,457156
2019-02-26,1795,1815,1794,1803,1805,447509
2019-02-27,1804,1812,1802,1806,1806,278095
2019-02-28,1807,1830,1807,1828,1817,491580
2019-03-01,1832,1835,1823,1827,1828,326175
2019-03-04,1831,1840,1820,1821,1832,287114
2019-03-05,1819,1833,1819,1832,1827,246721
2019-03-06,1826,1828,1819,1827,1824,268290
2019-03-07,1824,1859,1820,1843,1839,509431
2019-03-08,1840,1849,1838,1843,1843,314567
2019-03-11,1843,1856,1837,1854,1847,331908
2019-03-12,1854,1862,1852,1861,1857,340075
2019-03-13,1863,1866,1843,1846,1851,442631
2019-03-14,1848,1857,1844,1855,1852,272842
2019-03-15,1854,1866,1854,1862,1861,325839
2019-03-18,1864,1876,1859,1874,1868,297509
2019-03-19,1876,1876,1865,1869,1870,290059
2019-03-20,1869,1869,1846,1849,1854,464816
2019-03-21,1851,1851,1841,1844,1846,331644
2019-03-22,1838,1838,1828,1833,1834,434364
2019-03-25,1830,1839,1824,1832,1833,293373
2019-03-26,1830,1841,1828,1840,1835,305752
2019-03-27,1838,1844,1833,1834,1838,377797
2019-03-28,1831,1835,1823,1826,1828,313834
2019-03-29,1828,1841,1826,1838,1833,257311
2019-04-01,1839,1841,1829,1838,1836,380658
2019-04-02,1838,1848,1836,1846,1843,377988
2019-04-03,1849,1854,1837,1851,1845,509445
2019-04-04,1855,1880,1854,1878,1870,892925
2019-04-08,1879,1880,1866,1869,1873,437601
2019-04-09,1869,1875,1853,1860,1862,580905
2019-04-10,1860,1873,1858,1867,1867,397109
2019-04-11,1869,1876,1865,1873,1871,363114
2019-04-12,1873,1886,1867,1886,1876,511957
2019-04-15,1887,1902,1880,1898,1894,777255
2019-04-16,1895,1902,1892,1901,1897,351760
2019-04-17,1902,1906,1896,1897,1900,308495
2019-04-18,1897,1898,1872,1890,1887,526059
2019-04-19,1891,1903,1890,1900,1898,411053
2019-04-22,1902,1918,1898,1915,1912,583842
2019-04-23,1916,1918,1907,1914,1911,308972
2019-04-24,1915,1917,1909,1911,1912,316346
2019-04-25,1911,1914,1905,1910,1910,329577
2019-04-26,1911,1912,1896,1898,1902,467771
2019-04-29,1900,1915,1898,1912,1910,335851
2019-04-30,1915,1915,1904,1911,1909,279135
2019-05-06,1926,1930,1917,1919,1921,332151
2019-05-07,1918,1926,1916,1925,1922,271408
2019-05-08,1923,1926,1913,1919,1919,353579
2019-05-09,1920,1933,1919,1927,1927,457464
2019-05-10,1927,1929,1920,1924,1924,361287
2019-05-13,1926,1948,1924,1947,1938,506640
2019-05-14,1951,1952,1939,1947,1945,412311
2019-05-15,1945,1962,1944,1961,1951,418884
2019-05-16,1963,1988,1962,1982,1977,736730
2019-05-17,1982,2001,1976,2000,1988,539670
2019-05-20,2001,2028,1994,2014,2011,840494
2019-05-21,2014,2019,1996,2003,2005,603821
2019-05-22,2002,2011,1986,1992,1998,619999
2019-05-23,1993,2004,1987,1988,1996,729730
2019-05-24,1989,1998,1984,1993,1991,462115
2019-05-27,1995,2028,1995,2019,2016,854109
2019-05-28,2017,2020,2006,2009,2014,624133
2019-05-29,2009,2035,2002,2022,2020,1000600
2019-05-30,2022,2033,1997,2002,2012,896404
2019-05-31,2007,2010,1985,1991,1997,796806
2019-06-03,1988,1994,1977,1987,1986,746373
2019-06-04,1989,2009,1986,2000,1999,744746
2019-06-05,1998,2001,1983,1990,1990,484136
2019-06-06,1989,1993,1976,1980,1982,505491
2019-06-10,1981,2001,1981,1992,1993,416003
2019-06-11,1990,2000,1985,1988,1992,425736
2019-06-12,1988,1994,1979,1983,1985,409497
2019-06-13,1986,1996,1984,1990,1991,412670
2019-06-14,1992,1993,1974,1974,1982,536355
2019-06-17,1975,1983,1965,1982,1976,496090
2019-06-18,1978,1984,1974,1976,1978,359662
2019-06-19,1975,1977,1961,1966,1967,473403
2019-06-20,1965,1970,1958,1960,1963,292362
2019-06-21,1957,1982,1957,1975,1971,566986
2019-06-24,1973,1980,1969,1977,1975,344229
2019-06-25,1976,1982,1969,1974,1974,302658
2019-06-26,1973,1977,1964,1965,1969,319015
2019-06-27,1966,1968,1962,1966,1965,220827
2019-06-28,1961,1980,1961,1973,1972,505776
2019-07-01,1972,1974,1954,1960,1963,541520
2019-07-02,1963,1964,1953,1958,1957,288375
2019-07-03,1959,1968,1958,1966,1964,281314
2019-07-04,1966,1973,1963,1963,1967,319490
2019-07-05,1964,1967,1961,1964,1963,247384
2019-07-08,1964,1972,1961,1963,1967,277739
2019-07-09,1962,1965,1947,1950,1954,426008
2019-07-10,1952,1953,1940,1941,1946,384784
2019-07-11,1944,1949,1938,1943,1943,296821
2019-07-12,1944,1949,1939,1949,1943,276785
2019-07-15,1949,1962,1946,1961,1957,394428
2019-07-16,1958,1959,1952,1959,1956,232129
2019-07-17,1957,1961,1953,1956,1957,195959
2019-07-18,1957,1965,1956,1964,1960,295348
2019-07-19,1962,1969,1951,1951,1961,457437
2019-07-22,1951,1951,1941,1942,1945,402286
2019-07-23,1942,1950,1941,1949,1945,225368
2019-07-24,1949,1957,1946,1957,1951,273925
2019-07-25,1958,1961,1953,1958,1957,199565
2019-07-26,1957,1958,1951,1956,1954,173005
2019-07-29,1956,1966,1956,1964,1961,311697
2019-07-30,1962,1965,1955,1956,1960,216863
2019-07-31,1956,1961,1955,1961,1957,221631
2019-08-01,1960,1967,1960,1966,1964,311898
2019-08-02,1965,1971,1957,1961,1964,481231
2019-08-05,1962,1965,1957,1961,1961,306323
2019-08-06,1961,1962,1954,1958,1958,327426
2019-08-07,1958,1963,1952,1953,1958,364903
2019-08-08,1953,1954,1923,1925,1942,707671
2019-08-09,1927,1928,1908,1921,1918,697428
2019-08-12,1923,1929,1912,1916,1919,370094
2019-08-13,1915,1919,1896,1908,1908,527532
2019-08-14,1909,1914,1898,1912,1908,412773
2019-08-15,1911,1919,1909,1911,1913,235752
2019-08-16,1911,1914,1905,1906,1909,241883
2019-08-19,1907,1908,1880,1884,1891,551810
2019-08-20,1885,1889,1882,1885,1885,245230
2019-08-21,1886,1910,1879,1901,1896,601266
2019-08-22,1903,1909,1899,1906,1904,329446
2019-08-23,1907,1919,1905,1917,1912,381884
2019-08-26,1915,1919,1909,1916,1915,304822
2019-08-27,1913,1915,1890,1899,1902,411108
2019-08-28,1900,1901,1888,1895,1893,328150
2019-08-29,1894,1898,1884,1884,1892,210107
2019-08-30,1884,1887,1864,1872,1875,509759
2019-09-02,1873,1881,1865,1872,1874,401481
2019-09-03,1875,1881,1872,1878,1876,249610
2019-09-04,1877,1885,1861,1884,1873,541841
2019-09-05,1884,1890,1877,1879,1882,389353
2019-09-06,1883,1892,1878,1889,1887,420686
2019-09-09,1889,1893,1885,1889,1888,354535
2019-09-10,1889,1891,1876,1884,1882,330150
2019-09-11,1886,1888,1877,1879,1881,222955
2019-09-12,1879,1881,1865,1877,1873,405234
2019-09-16,1879,1887,1872,1876,1877,263947
2019-09-17,1877,1877,1867,1874,1872,371162
2019-09-18,1873,1883,1870,1880,1876,348291
2019-09-19,1880,1889,1871,1872,1880,433559
2019-09-20,1873,1874,1860,1862,1866,456889
2019-09-23,1862,1874,1862,1867,1868,426115
2019-09-24,1867,1873,1866,1867,1870,328892
2019-09-25,1869,1870,1863,1864,1867,246669
2019-09-26,1864,1867,1849,1859,1858,541795
2019-09-27,1860,1861,1848,1852,1854,301512
2019-09-30,1852,1855,1831,1843,1841,392317
2019-10-08,1841,1850,1832,1844,1842,347520
2019-10-09,1844,1855,1841,1854,1847,442276
2019-10-10,1853,1866,1851,1862,1860,498115
2019-10-11,1862,1873,1857,1872,1866,422299
2019-10-14,1872,1875,1857,1861,1863,489900
2019-10-15,1863,1870,1861,1865,1866,369890
2019-10-16,1865,1879,1863,1871,1872,474550
2019-10-17,1873,1879,1868,1873,1873,312110
2019-10-18,1874,1885,1874,1883,1880,442856
2019-10-21,1884,1888,1872,1874,1877,350198
2019-10-22,1874,1883,1874,1881,1879,352950
2019-10-23,1880,1882,1861,1864,1869,510117
2019-10-24,1863,1865,1854,1857,1858,461963
2019-10-25,1857,1862,1855,1858,1859,300598
2019-10-28,1856,1878,1853,1876,1866,601834
2019-10-29,1877,1894,1876,1894,1886,579299
2019-10-30,1892,1899,1886,1899,1892,523055
2019-10-31,1900,1923,1897,1904,1910,1304364
2019-11-01,1904,1916,1899,1915,1907,738508
2019-11-04,1914,1923,1905,1908,1914,788816
2019-11-05,1907,1913,1899,1907,1905,681025
2019-11-06,1906,1907,1888,1889,1897,762734
2019-11-07,1891,1899,1879,1883,1888,660443
2019-11-08,1882,1902,1881,1901,1893,721180
2019-11-11,1901,1903,1884,1892,1892,791019
2019-11-12,1891,1894,1874,1876,1881,667849
2019-11-13,1876,1881,1874,1877,1878,353935
2019-11-14,1878,1887,1877,1878,1881,454717
2019-11-15,1878,1883,1869,1877,1877,533910
2019-11-18,1879,1899,1878,1896,1892,663914
2019-11-19,1897,1902,1890,1892,1894,454677
2019-11-20,1894,1895,1882,1884,1887,380556
2019-11-21,1885,1896,1884,1892,1890,485163
2019-11-22,1893,1895,1883,1887,1889,432813
2019-11-25,1886,1890,1881,1883,1885,552064
2019-11-26,1882,1885,1875,1881,1880,408387
2019-11-27,1881,1882,1875,1877,1878,357425
2019-11-28,1877,1880,1862,1863,1869,693341
2019-11-29,1864,1871,1854,1871,1862,604327
2019-12-02,1871,1873,1858,1865,1865,441987
2019-12-03,1863,1872,1861,1872,1867,506048
2019-12-04,1872,1874,1862,1871,1867,509739
2019-12-05,1872,1874,1860,1870,1867,400865
2019-12-06,1870,1886,1868,1882,1879,614573
2019-12-09,1881,1883,1872,1874,1877,412966
2019-12-10,1874,1886,1873,1884,1880,442523
2019-12-11,1884,1887,1881,1883,1884,283169
2019-12-12,1883,1887,1878,1887,1882,288179
2019-12-13,1887,1892,1874,1879,1881,681652
2019-12-16,1878,1885,1877,1880,1882,398423
2019-12-17,1881,1884,1875,1876,1880,327154
2019-12-18,1876,1883,1875,1880,1878,265657
2019-12-19,1881,1881,1871,1874,1875,366028
2019-12-20,1873,1879,1867,1877,1872,400539
2019-12-23,1877,1888,1874,1888,1881,414115
2019-12-24,1887,1896,1885,1893,1891,345678
2019-12-25,1894,1904,1888,1899,1896,396058
2019-12-26,1899,1908,1898,1907,1904,375595
2019-12-27,1908,1914,1904,1906,1910,367673
2019-12-30,1905,1912,1902,1908,1907,280304
2019-12-31,1908,1910,1902,1904,1905,308740
2020-01-02,1905,1913,1904,1911,1909,235159
2020-01-03,1913,1919,1910,1915,1914,305683
2020-01-06,1914,1914,1907,1910,1909,244076
2020-01-07,1911,1924,1911,1922,1919,413367
2020-01-08,1922,1926,1914,1916,1920,352184
2020-01-09,1914,1921,1910,1919,1916,285388
2020-01-10,1916,1918,1906,1910,1911,420868
2020-01-13,1911,1919,1907,1918,1912,329466
2020-01-14,1918,1927,1917,1918,1921,357873
2020-01-15,1919,1925,1918,1923,1922,265558
2020-01-16,1923,1945,1921,1945,1934,589313
2020-01-17,1945,1949,1939,1947,1943,327474
2020-01-20,1948,1950,1937,1944,1942,371645
2020-01-21,1943,1944,1929,1930,1937,355670
2020-01-22,1930,1934,1915,1929,1925,554128
2020-01-23,1931,1931,1917,1918,1922,303754
2020-02-03,1925,1944,1920,1933,1930,574658
2020-02-04,1933,1954,1933,1951,1944,650044
2020-02-05,1937,1940,1922,1931,1932,645653
2020-02-06,1933,1944,1928,1944,1936,425896
2020-02-07,1944,1956,1944,1950,1950,492940
2020-02-10,1947,1951,1933,1937,1940,472506
2020-02-11,1936,1940,1932,1933,1935,372603
2020-02-12,1934,1941,1932,1935,1937,310142
2020-02-13,1936,1940,1934,1938,1937,217519
2020-02-14,1936,1938,1928,1933,1932,374796
2020-02-17,1933,1944,1929,1944,1940,438474
2020-02-18,1942,1942,1923,1924,1931,525874
2020-02-19,1922,1929,1919,1926,1925,378693
2020-02-20,1924,1928,1919,1921,1923,280138
2020-02-21,1920,1930,1918,1929,1925,264160
2020-02-24,1929,1934,1927,1930,1930,284531
2020-02-25,1930,1937,1927,1933,1932,294604
2020-02-26,1935,1936,1930,1932,1932,156558
2020-02-27,1932,1945,1931,1945,1938,315964
2020-02-28,1944,1951,1936,1938,1941,566952
2020-03-02,1943,1962,1943,1960,1956,592411
2020-03-03,1964,1967,1958,1959,1962,394063
2020-03-04,1960,1964,1955,1957,1957,279877
2020-03-05,1958,1963,1957,1962,1960,205058
2020-03-06,1960,1962,1954,1959,1959,503257
2020-03-09,1951,1960,1948,1956,1953,457749
2020-03-10,1955,1982,1954,1976,1973,900891
2020-03-11,1975,1997,1973,1994,1987,931487
2020-03-12,1994,1999,1974,1987,1988,960914
2020-03-13,1983,1993,1980,1988,1986,522533
2020-03-16,1986,1996,1978,1980,1988,589410
2020-03-17,1976,1982,1972,1976,1976,444711
2020-03-18,1975,1984,1967,1968,1975,578209
2020-03-19,1968,1972,1963,1967,1966,452299
2020-03-20,1971,1983,1971,1982,1977,430261
2020-03-23,1984,2002,1983,1999,1996,714697
2020-03-24,1999,2000,1989,1995,1994,401791
2020-03-25,1996,2012,1995,2009,2004,568453
2020-03-26,2007,2017,2002,2002,2007,503598
2020-03-27,2004,2019,2004,2018,2014,462373
2020-03-30,2028,2048,2027,2033,2036,854755
2020-03-31,2034,2038,2025,2035,2032,423025
2020-04-01,2036,2043,2020,2025,2032,629828
2020-04-02,2025,2037,2012,2021,2024,700430
2020-04-03,2023,2028,2017,2022,2022,392895
2020-04-07,2027,2027,2019,2020,2022,353271
2020-04-08,2022,2036,2018,2036,2028,430562
2020-04-09,2036,2041,2032,2034,2036,348286
2020-04-10,2034,2036,2028,2034,2031,323335
2020-04-13,2035,2041,2032,2037,2037,343271
2020-04-14,2037,2048,2035,2043,2041,428592
2020-04-15,2043,2066,2043,2064,2057,592129
2020-04-16,2065,2072,2058,2060,2064,462057
2020-04-17,2060,2064,2052,2060,2058,339579
2020-04-20,2063,2077,2055,2056,2066,672342
2020-04-21,2057,2062,2048,2059,2056,456391
2020-04-22,2061,2068,2056,2066,2062,390569
2020-04-23,2064,2076,2063,2076,2069,364842
2020-04-24,2077,2085,2074,2077,2079,371614
2020-04-27,2087,2107,2086,2096,2096,613171
2020-04-28,2097,2106,2090,2094,2096,463583
2020-04-29,2098,2100,2090,2093,2093,274034
2020-04-30,2090,2091,2066,2072,2075,660714
2020-05-06,2087,2093,2082,2086,2089,345786
2020-05-07,2088,2092,2071,2073,2082,474722
2020-05-08,2073,2076,2057,2063,2064,621103
2020-05-11,2063,2069,2048,2048,2058,542561
2020-05-12,2051,2056,2043,2049,2049,371484
2020-05-13,2049,2063,2046,2052,2053,414704
2020-05-14,2053,2058,2047,2048,2051,351224
2020-05-15,2047,2057,2031,2031,2042,599694
2020-05-18,2032,2055,2031,2053,2045,551088
2020-05-19,2054,2054,2044,2048,2048,289713
2020-05-20,2044,2045,2020,2039,2030,720219
2020-05-21,2034,2051,2027,2027,2040,534616
2020-05-22,2023,2035,2021,2030,2028,373890
2020-05-25,2028,2052,2027,2049,2043,478211
2020-05-26,2045,2057,2042,2052,2050,328071
2020-05-27,2054,2063,2050,2062,2056,353340
2020-05-28,2061,2076,2058,2072,2067,514301
2020-05-29,2072,2091,2072,2088,2084,523440
2020-06-01,2086,2093,2073,2080,2082,533934
2020-06-02,2081,2087,2075,2078,2080,294458
2020-06-03,2078,2085,2073,2077,2079,368806
2020-06-04,2077,2082,2066,2075,2072,401185
2020-06-05,2076,2089,2070,2087,2081,392464
2020-06-08,2087,2088,2071,2077,2077,432675
2020-06-09,2077,2093,2074,2091,2085,481633
2020-06-10,2091,2101,2087,2100,2092,458868
2020-06-11,2098,2112,2098,2109,2106,500771
2020-06-12,2107,2116,2099,2109,2107,511432
2020-06-15,2110,2134,2109,2129,2126,763102
2020-06-16,2129,2129,2123,2128,2126,349644
2020-06-17,2130,2138,2119,2137,2129,530055
2020-06-18,2133,2154,2132,2134,2141,848396
2020-06-19,2132,2134,2112,2126,2123,679983
2020-06-22,2122,2124,2102,2103,2114,763137
2020-06-23,2100,2117,2090,2100,2102,841059
2020-06-24,2101,2105,2092,2097,2097,469627
2020-06-29,2103,2127,2094,2124,2109,750195
2020-06-30,2119,2119,2092,2097,2102,684832
2020-07-01,2097,2109,2096,2104,2103,414628
2020-07-02,2104,2111,2086,2109,2099,606628
2020-07-03,2111,2123,2110,2115,2117,637082
2020-07-06,2116,2127,2112,2125,2121,421710
2020-07-07,2125,2131,2121,2124,2126,445089
2020-07-08,2124,2128,2120,2124,2124,285047
2020-07-09,2125,2153,2125,2150,2141,667733
2020-07-10,2152,2161,2141,2151,2151,596065
2020-07-13,2149,2156,2143,2150,2149,578249
2020-07-14,2150,2161,2129,2143,2146,758033
2020-07-15,2145,2149,2130,2146,2139,894722
2020-07-16,2144,2160,2142,2152,2152,764334
2020-07-17,2152,2159,2149,2158,2154,396916
2020-07-20,2159,2179,2158,2171,2168,1071640
2020-07-21,2169,2174,2157,2165,2165,688590
2020-07-22,2165,2178,2159,2170,2169,706234
2020-07-23,2171,2216,2171,2210,2195,1260104
2020-07-24,2209,2236,2205,2236,2220,1089667
2020-07-27,2234,2308,2231,2293,2273,1660916
2020-07-28,2299,2299,2236,2248,2257,1566919
2020-07-29,2254,2279,2246,2277,2264,1043607
2020-07-30,2273,2287,2256,2279,2272,1430078
2020-07-31,2281,2307,2264,2273,2283,1429313
2020-08-03,2270,2285,2246,2274,2266,1148243
2020-08-04,2274,2286,2267,2276,2274,722498
2020-08-05,2275,2279,2263,2264,2269,678379
2020-08-06,2267,2289,2259,2265,2272,844127
2020-08-07,2262,2265,2233,2234,2244,886797
2020-08-10,2235,2247,2221,2228,2230,801905
2020-08-11,2228,2241,2226,2239,2235,554360
2020-08-12,2239,2247,2225,2232,2234,732906
2020-08-13,2232,2244,2229,2236,2235,552233
2020-08-14,2234,2305,2234,2302,2278,1712197
2020-08-17,2302,2318,2282,2306,2301,1335881
2020-08-18,2307,2328,2294,2298,2310,1142562
2020-08-19,2298,2315,2295,2308,2304,677424
2020-08-20,2309,2326,2294,2318,2312,1070472
2020-08-21,2318,2325,2293,2308,2306,765719
2020-08-24,2307,2311,2268,2274,2285,938438
2020-08-25,2279,2290,2274,2283,2282,562946
2020-08-26,2283,2306,2282,2306,2296,824081
2020-08-27,2306,2309,2264,2266,2286,1157776
2020-08-28,2267,2280,2261,2275,2271,721455
2020-08-31,2272,2278,2263,2270,2270,619111
2020-09-01,2273,2288,2270,2281,2280,697687
2020-09-02,2280,2303,2276,2299,2294,953166
2020-09-03,2299,2299,2280,2286,2288,786923
2020-09-04,2291,2312,2289,2308,2303,1185527
2020-09-07,2313,2362,2306,2361,2339,1705447
2020-09-08,2360,2365,2338,2350,2349,1011375
2020-09-09,2345,2358,2336,2349,2348,830812
2020-09-10,2350,2382,2347,2380,2368,1334078
2020-09-11,2380,2412,2372,2408,2393,1149631
2020-09-14,2410,2460,2406,2430,2429,1570857
2020-09-15,2431,2442,2402,2413,2420,1125327
2020-09-16,2415,2429,2404,2422,2418,1002821
2020-09-17,2425,2458,2423,2437,2440,1222707
2020-09-18,2434,2499,2426,2494,2467,1612191
2020-09-21,2493,2505,2479,2485,2488,1295100
2020-09-22,2482,2507,2464,2479,2481,1633810
2020-09-23,2482,2495,2420,2431,2455,2122338
2020-09-24,2434,2456,2422,2449,2441,1117742
2020-09-25,2445,2450,2428,2440,2438,750210
2020-09-28,2437,2491,2433,2477,2470,1226741
2020-09-29,2476,2481,2466,2475,2472,598390
2020-09-30,2472,2483,2453,2483,2464,852993
2020-10-09,2513,2561,2513,2549,2538,962161
2020-10-12,2547,2591,2524,2583,2562,1449557
2020-10-13,2584,2584,2557,2574,2568,971459
2020-10-14,2569,2604,2567,2570,2583,1673411
2020-10-15,2571,2575,2522,2553,2555,1596260
2020-10-16,2551,2588,2540,2587,2564,1260959
2020-10-19,2592,2626,2584,2591,2599,2058103
2020-10-20,2597,2609,2582,2588,2593,1175052
2020-10-21,2590,2596,2562,2582,2582,1331349
2020-10-22,2582,2587,2561,2573,2572,860529
2020-10-23,2577,2581,2567,2571,2573,795904
2020-10-26,2577,2597,2571,2581,2583,1285621
2020-10-27,2582,2594,2575,2588,2585,881370
2020-10-28,2589,2605,2581,2599,2592,1072075
2020-10-29,2586,2606,2579,2602,2594,1164114
2020-10-30,2597,2618,2585,2614,2602,1148611
2020-11-02,2615,2619,2550,2554,2577,1859290
2020-11-03,2557,2565,2539,2544,2551,1096989
2020-11-04,2547,2555,2543,2550,2547,667942
2020-11-05,2550,2568,2546,2563,2558,916375
2020-11-06,2565,2578,2548,2554,2561,900148
2020-11-09,2555,2556,2509,2537,2529,1514188
2020-11-10,2541,2547,2526,2533,2536,667242
2020-11-11,2531,2566,2529,2566,2552,906752
2020-11-12,2563,2581,2556,2573,2570,718577
2020-11-13,2572,2586,2567,2580,2577,726542
2020-11-16,2580,2624,2579,2607,2604,1136639
2020-11-17,2607,2619,2597,2617,2609,856813
2020-11-18,2616,2622,2604,2611,2612,763029
2020-11-19,2611,2638,2607,2631,2624,779790
2020-11-20,2630,2634,2613,2625,2625,807178
2020-11-23,2628,2653,2627,2647,2640,1193921
2020-11-24,2647,2649,2611,2614,2632,995869
2020-11-25,2613,2636,2595,2621,2619,1131375
2020-11-26,2622,2646,2620,2641,2633,723788
2020-11-27,2641,2644,2625,2631,2633,808345
2020-11-30,2630,2664,2621,2659,2651,1098814
2020-12-01,2659,2670,2649,2661,2659,889668
2020-12-02,2666,2667,2635,2638,2648,884493
2020-12-03,2635,2651,2629,2635,2640,652890
2020-12-04,2628,2640,2609,2637,2622,849861
2020-12-07,2628,2632,2599,2608,2614,957417
2020-12-08,2605,2617,2578,2580,2597,887475
2020-12-09,2581,2605,2581,2599,2593,684217
2020-12-10,2596,2609,2587,2600,2597,676568
2020-12-11,2598,2600,2573,2593,2586,940233
2020-12-14,2593,2599,2562,2571,2574,864834
2020-12-15,2570,2578,2552,2564,2561,676367
2020-12-16,2563,2600,2560,2598,2581,717465
2020-12-17,2597,2609,2593,2607,2601,664547
2020-12-18,2606,2617,2597,2610,2606,613009
2020-12-21,2611,2640,2605,2637,2628,829104
2020-12-22,2636,2643,2625,2640,2635,776157
2020-12-23,2642,2674,2633,2667,2655,1012050
2020-12-24,2669,2670,2658,2661,2663,616614
2020-12-25,2661,2679,2648,2673,2665,1024987
2020-12-28,2671,2712,2667,2703,2694,1314168
2020-12-29,2705,2705,2683,2694,2693,811989
2020-12-30,2697,2727,2689,2726,2709,893927
2020-12-31,2723,2743,2719,2738,2733,890644
2021-01-04,2750,2772,2737,2742,2757,786372
2021-01-05,2742,2773,2742,2765,2756,620639
2021-01-06,2769,2792,2767,2781,2776,627342
2021-01-07,2781,2805,2781,2800,2795,665604
2021-01-08,2803,2830,2797,2828,2814,839888
2021-01-11,2833,2901,2795,2830,2847,1504974
2021-01-12,2833,2864,2802,2858,2834,1005371
2021-01-13,2860,2915,2857,2862,2879,1179329
2021-01-14,2867,2873,2822,2836,2842,1025018
2021-01-15,2836,2869,2832,2858,2849,758188
2021-01-18,2863,2899,2863,2872,2880,904210
2021-01-19,2869,2887,2844,2859,2867,813832
2021-01-20,2860,2864,2824,2834,2840,843055
2021-01-21,2835,2861,2831,2839,2845,737604
2021-01-22,2838,2849,2797,2812,2817,1069139
2021-01-25,2811,2827,2747,2766,2781,1260038
2021-01-26,2766,2784,2758,2767,2771,667562
2021-01-27,2772,2789,2751,2760,2770,929069
2021-01-28,2763,2769,2723,2725,2742,979786
2021-01-29,2730,2736,2704,2709,2718,860790
2021-02-01,2711,2771,2710,2769,2748,1034995
2021-02-02,2767,2769,2748,2760,2758,582123
2021-02-03,2757,2776,2738,2769,2753,714457
2021-02-04,2767,2781,2758,2776,2769,627648
2021-02-05,2772,2809,2771,2809,2787,701510
2021-02-08,2808,2819,2747,2752,2781,1129480
2021-02-09,2754,2772,2751,2765,2761,622140
2021-02-10,2764,2779,2760,2763,2767,575981
2021-02-18,2778,2818,2761,2815,2794,767599
2021-02-19,2811,2823,2781,2803,2804,897573
2021-02-22,2808,2843,2767,2787,2798,1640032
2021-02-23,2787,2793,2748,2776,2767,1274967
2021-02-24,2780,2800,2758,2795,2777,976526
2021-02-25,2798,2822,2789,2809,2802,1094839
2021-02-26,2807,2813,2760,2762,2785,1156467
2021-03-01,2766,2794,2757,2772,2770,867574
2021-03-02,2768,2779,2743,2762,2758,775201
2021-03-03,2765,2773,2746,2747,2758,637699
2021-03-04,2747,2751,2731,2739,2741,725103
2021-03-05,2742,2799,2741,2797,2770,1122021
2021-03-08,2793,2804,2776,2797,2790,854950
2021-03-09,2794,2794,2748,2751,2759,862702
2021-03-10,2751,2754,2700,2702,2727,1177426
2021-03-11,2708,2715,2686,2700,2704,893554
2021-03-12,2699,2717,2656,2703,2688,1245238
2021-03-15,2701,2705,2662,2698,2686,807690
2021-03-16,2698,2714,2684,2701,2698,693286
2021-03-17,2702,2724,2684,2690,2703,814075
2021-03-18,2687,2696,2669,2682,2682,706360
2021-03-19,2683,2695,2675,2689,2684,619544
2021-03-22,2686,2718,2683,2710,2702,768716
2021-03-23,2710,2711,2697,2702,2701,575458
2021-03-24,2699,2712,2690,2695,2702,677719
2021-03-25,2697,2712,2692,2694,2700,663712
2021-03-26,2693,2704,2688,2697,2696,599213
2021-03-29,2697,2699,2623,2634,2655,1423808
2021-03-30,2640,2646,2620,2620,2632,862065
2021-03-31,2616,2623,2584,2607,2603,1009820
2021-04-01,2609,2667,2594,2606,2621,1121827
2021-04-02,2602,2614,2577,2598,2597,857429
2021-04-06,2608,2629,2600,2628,2615,595990
2021-04-07,2636,2656,2625,2651,2639,784592
2021-04-08,2650,2683,2643,2681,2666,974264
2021-04-09,2680,2687,2650,2654,2665,838685
2021-04-12,2655,2662,2631,2633,2644,751436
2021-04-13,2639,2655,2622,2649,2637,741849
2021-04-14,2648,2662,2645,2655,2652,622176
2021-04-15,2655,2690,2655,2689,2676,849959
2021-04-16,2690,2705,2685,2703,2695,801382
2021-04-19,2703,2721,2689,2714,2706,802231
2021-04-20,2718,2722,2675,2705,2700,745556
2021-04-21,2705,2719,2700,2716,2711,592069
2021-04-22,2717,2751,2717,2748,2734,772113
2021-04-23,2749,2769,2746,2755,2756,675600
2021-04-26,2755,2761,2720,2739,2746,696459
2021-04-27,2741,2772,2741,2758,2754,684266
2021-04-28,2759,2764,2727,2761,2749,836015
2021-04-29,2763,2765,2738,2742,2749,616021
2021-04-30,2745,2749,2711,2725,2727,695533
2021-05-06,2750,2761,2744,2754,2751,641664
2021-05-07,2753,2826,2749,2806,2790,955539
2021-05-10,2806,2841,2804,2824,2824,954518
2021-05-11,2824,2831,2803,2821,2818,646944
2021-05-12,2828,2876,2824,2861,2848,959839
2021-05-13,2859,2859,2782,2794,2813,1006450
2021-05-14,2793,2797,2757,2774,2771,745125
2021-05-17,2776,2804,2753,2764,2771,782839
2021-05-18,2766,2774,2753,2766,2762,551148
2021-05-19,2763,2776,2739,2758,2755,652948
2021-05-20,2753,2761,2722,2749,2742,727519
2021-05-21,2712,2772,2709,2752,2757,779877
2021-05-24,2753,2760,2701,2726,2733,949623
2021-05-25,2724,2746,2712,2719,2727,635043
2021-05-26,2721,2723,2665,2666,2687,970014
2021-05-27,2663,2686,2653,2664,2668,687098
2021-05-28,2668,2711,2657,2674,2678,773705
2021-05-31,2672,2698,2652,2659,2675,759727
2021-06-01,2656,2688,2651,2685,2673,604772
2021-06-02,2693,2712,2682,2704,2697,669724
2021-06-03,2703,2726,2696,2719,2715,563205
2021-06-04,2717,2720,2685,2700,2702,667928
2021-06-07,2707,2720,2687,2695,2701,679169
2021-06-08,2696,2697,2664,2681,2679,702716
2021-06-09,2680,2698,2671,2693,2681,561815
2021-06-10,2692,2718,2682,2712,2701,705959
2021-06-11,2715,2752,2705,2749,2724,748482
2021-06-15,2727,2727,2661,2669,2678,837401
2021-06-16,2669,2683,2655,2656,2668,559313
2021-06-17,2657,2673,2654,2656,2664,515032
2021-06-18,2649,2649,2591,2609,2613,1043263
2021-06-21,2616,2621,2565,2592,2588,858373
2021-06-22,2586,2597,2577,2580,2586,581531
2021-06-23,2576,2600,2568,2595,2586,581619
2021-06-24,2589,2607,2581,2586,2592,657333
2021-06-25,2582,2603,2575,2585,2587,505051
2021-06-28,2584,2614,2557,2613,2592,914233
2021-06-29,2617,2634,2599,2623,2620,672919
2021-06-30,2623,2623,2606,2611,2613,547174
2021-07-01,2610,2653,2600,2622,2622,895799
2021-07-02,2625,2640,2624,2633,2632,738576
2021-07-05,2630,2630,2581,2611,2602,1052234
2021-07-06,2609,2610,2586,2590,2595,639337
2021-07-07,2589,2603,2570,2577,2584,833215
2021-07-08,2571,2585,2561,2572,2573,746733
2021-07-09,2569,2576,2560,2567,2569,650316
2021-07-12,2564,2585,2546,2557,2563,956945
2021-07-13,2561,2599,2557,2592,2579,907695
2021-07-14,2588,2618,2581,2617,2601,868230
2021-07-15,2616,2622,2599,2604,2611,660000
2021-07-16,2607,2609,2572,2574,2586,879500
2021-07-19,2575,2587,2529,2530,2550,1001540
2021-07-20,2530,2538,2514,2522,2525,697375
2021-07-21,2526,2545,2517,2525,2531,705450
2021-07-22,2525,2536,2515,2520,2527,620179
2021-07-23,2517,2540,2512,2529,2529,615333
2021-07-26,2533,2555,2530,2548,2544,820846
2021-07-27,2548,2581,2540,2577,2560,910612
2021-07-28,2572,2575,2552,2562,2565,593619
2021-07-29,2564,2573,2558,2562,2563,512706
2021-07-30,2564,2574,2562,2570,2568,546465
2021-08-02,2568,2590,2543,2586,2570,1049891
2021-08-03,2586,2603,2581,2601,2593,668809
2021-08-04,2599,2601,2581,2595,2589,649093
2021-08-05,2599,2605,2588,2593,2595,665168
2021-08-06,2592,2606,2581,2582,2593,743677
2021-08-09,2583,2590,2573,2581,2581,674731
2021-08-10,2579,2583,2554,2555,2565,737579
2021-08-11,2555,2565,2549,2558,2555,600891
2021-08-12,2557,2585,2552,2584,2572,833816
2021-08-13,2577,2609,2575,2608,2587,868442
2021-08-16,2608,2620,2588,2600,2604,1196982
2021-08-17,2599,2600,2583,2596,2590,697057
2021-08-18,2598,2608,2560,2563,2577,1028665
2021-08-19,2565,2573,2555,2556,2561,655994
2021-08-20,2555,2560,2507,2508,2527,1070515
2021-08-23,2510,2527,2498,2507,2510,790252
2021-08-24,2507,2526,2505,2520,2518,612596
2021-08-25,2517,2531,2512,2512,2521,556227
2021-08-26,2515,2519,2503,2503,2509,615947
2021-08-27,2502,2512,2484,2487,2496,747503
2021-08-30,2487,2502,2482,2490,2489,683342
2021-08-31,2491,2496,2483,2493,2490,477499
2021-09-01,2493,2493,2469,2470,2480,726337
2021-09-02,2471,2516,2465,2503,2486,985042
2021-09-03,2504,2506,2494,2498,2499,506911
2021-09-06,2498,2502,2468,2470,2479,761526
2021-09-07,2473,2478,2464,2471,2472,531909
2021-09-08,2468,2494,2460,2470,2478,844430
2021-09-09,2473,2479,2460,2473,2469,712200
2021-09-10,2472,2478,2462,2464,2469,610545
2021-09-13,2468,2492,2465,2485,2480,1018726
2021-09-14,2484,2484,2463,2465,2468,732828
2021-09-15,2466,2482,2462,2466,2473,816979
2021-09-16,2464,2468,2443,2444,2455,958852
2021-09-17,2449,2456,2442,2445,2449,642991
2021-09-22,2439,2474,2439,2470,2463,780800
2021-09-23,2465,2492,2465,2491,2478,865768
2021-09-24,2485,2497,2484,2492,2492,645114
2021-09-27,2491,2498,2473,2488,2486,660478
2021-09-28,2488,2502,2478,2482,2488,635826
2021-09-29,2481,2491,2477,2489,2484,574717
2021-09-30,2490,2527,2480,2527,2505,927411
2021-10-08,2516,2516,2488,2498,2498,645262
2021-10-11,2499,2556,2499,2552,2531,1097149
2021-10-12,2550,2562,2537,2546,2546,786370
2021-10-13,2546,2591,2528,2564,2562,1098304
2021-10-14,2558,2564,2530,2534,2543,743437
2021-10-15,2536,2579,2536,2578,2561,951491
2021-10-18,2570,2571,2544,2550,2558,781489
2021-10-19,2549,2583,2543,2578,2564,843205
2021-10-20,2574,2582,2559,2575,2571,753835
2021-10-21,2575,2598,2575,2576,2587,765941
2021-10-22,2577,2590,2568,2577,2577,797925
2021-10-25,2577,2629,2550,2625,2594,1336108
2021-10-26,2627,2651,2616,2635,2629,983302
2021-10-27,2634,2634,2607,2618,2619,695405
2021-10-28,2617,2620,2575,2597,2600,1179345
2021-10-29,2598,2642,2596,2635,2617,879015
2021-11-01,2630,2647,2613,2625,2630,750133
2021-11-02,2621,2664,2620,2647,2642,804861
2021-11-03,2648,2684,2645,2667,2665,814697
2021-11-04,2667,2698,2659,2685,2679,676734
2021-11-05,2687,2707,2662,2681,2686,759742
2021-11-08,2681,2733,2670,2695,2697,985236
2021-11-09,2695,2724,2689,2721,2709,900170
2021-11-10,2724,2732,2715,2724,2723,664757
2021-11-11,2725,2731,2678,2687,2701,825211
2021-11-12,2680,2691,2658,2668,2675,682689
2021-11-15,2665,2677,2646,2666,2660,715392
2021-11-16,2667,2689,2661,2685,2677,530343
2021-11-17,2684,2694,2671,2681,2681,652749
2021-11-18,2685,2690,2671,2682,2681,523623
2021-11-19,2684,2711,2684,2705,2694,814395
2021-11-22,2701,2710,2671,2676,2683,752932
2021-11-23,2675,2681,2657,2658,2670,770500
2021-11-24,2653,2661,2635,2652,2651,700637
2021-11-25,2651,2665,2646,2657,2653,603695
2021-11-26,2658,2680,2658,2662,2669,575958
2021-11-29,2661,2683,2650,2671,2669,643465
2021-11-30,2673,2687,2657,2661,2672,725261
2021-12-01,2658,2685,2655,2684,2664,827645
2021-12-02,2684,2705,2678,2699,2690,797784
2021-12-03,2701,2705,2682,2684,2695,682066
2021-12-06,2683,2687,2668,2669,2677,780638
2021-12-07,2668,2684,2666,2678,2675,696365
2021-12-08,2682,2703,2679,2697,2694,706717
2021-12-09,2696,2702,2673,2680,2687,615638
2021-12-10,2676,2694,2672,2691,2679,460406
2021-12-13,2694,2725,2688,2718,2713,1077242
2021-12-14,2716,2723,2702,2720,2715,547406
2021-12-15,2723,2741,2718,2734,2729,691005
2021-12-16,2735,2735,2705,2718,2720,731387
2021-12-17,2715,2725,2714,2722,2721,392365
2021-12-20,2719,2730,2698,2702,2712,720489
2021-12-21,2700,2711,2693,2698,2702,530565
2021-12-22,2693,2695,2678,2680,2685,707595
2021-12-23,2676,2698,2674,2695,2690,646387
2021-12-24,2692,2696,2682,2687,2688,442484
2021-12-27,2683,2703,2675,2686,2686,596764
2021-12-28,2688,2688,2671,2672,2677,498404
2021-12-29,2674,2674,2655,2656,2664,719852
2021-12-30,2655,2682,2653,2679,2672,617137
2021-12-31,2677,2679,2658,2665,2666,504073
2022-01-04,2671,2695,2669,2693,2688,519949
2022-01-05,2693,2708,2686,2703,2697,543991
2022-01-06,2702,2702,2668,2671,2683,685277
2022-01-07,2673,2682,2666,2677,2672,452296
2022-01-10,2678,2696,2675,2681,2685,537261
2022-01-11,2684,2693,2671,2689,2682,520397
2022-01-12,2692,2717,2687,2714,2703,737043
2022-01-13,2713,2720,2706,2713,2714,509893
2022-01-14,2717,2731,2714,2728,2722,607309
2022-01-17,2728,2730,2705,2716,2718,528011
2022-01-18,2715,2724,2710,2714,2716,430313
2022-01-19,2714,2739,2707,2728,2725,653404
2022-01-20,2731,2753,2727,2750,2741,612580
2022-01-21,2749,2759,2729,2732,2742,706828
2022-01-24,2732,2741,2727,2728,2731,449197
2022-01-25,2733,2760,2721,2754,2741,624496
2022-01-26,2750,2774,2750,2770,2762,584840
2022-01-27,2770,2778,2759,2764,2766,495336
2022-01-28,2765,2776,2755,2759,2764,544305
2022-02-07,2776,2779,2744,2746,2758,603530
2022-02-08,2748,2790,2748,2787,2776,711243
2022-02-09,2784,2785,2765,2772,2774,480184
2022-02-10,2775,2789,2769,2785,2780,534546
2022-02-11,2788,2794,2763,2765,2774,636117
2022-02-14,2769,2785,2769,2774,2776,508439
2022-02-15,2770,2783,2764,2770,2774,490133
2022-02-16,2765,2774,2755,2766,2764,621398
2022-02-17,2766,2781,2761,2777,2770,485272
2022-02-18,2779,2782,2770,2774,2775,388550
2022-02-21,2774,2784,2763,2765,2771,536911
2022-02-22,2763,2794,2739,2787,2773,850244
2022-02-23,2783,2812,2771,2807,2792,830891
2022-02-24,2807,2864,2803,2839,2830,1216059
2022-02-25,2848,2860,2817,2852,2843,938899
2022-02-28,2827,2869,2818,2860,2848,949217
2022-03-01,2866,2886,2855,2882,2872,874153
2022-03-02,2887,2923,2862,2892,2894,1156468
2022-03-03,2893,2909,2876,2901,2893,680204
2022-03-04,2901,2924,2890,2894,2908,819432
2022-03-07,2910,2942,2902,2935,2926,920070
2022-03-08,2933,2934,2878,2910,2905,834959
2022-03-09,2900,2905,2870,2902,2887,721368
2022-03-10,2891,2898,2857,2859,2874,681001
2022-03-11,2868,2884,2859,2879,2873,549793
2022-03-14,2869,2886,2848,2875,2867,635862
2022-03-15,2877,2898,2866,2866,2882,690104
2022-03-16,2866,2894,2859,2887,2879,488996
2022-03-17,2891,2893,2869,2878,2879,452456
2022-03-18,2882,2913,2880,2912,2900,606330
2022-03-21,2912,2916,2894,2910,2905,574998
2022-03-22,2911,2931,2910,2925,2921,537675
2022-03-23,2920,2937,2913,2935,2926,462369
2022-03-24,2941,2955,2924,2934,2939,741831
2022-03-25,2933,2946,2916,2923,2931,637701
2022-03-28,2927,2951,2902,2906,2926,863425
2022-03-29,2900,2913,2893,2900,2904,580063
2022-03-30,2876,2898,2861,2885,2881,881130
2022-03-31,2886,2899,2875,2881,2884,493863
2022-04-01,2888,2900,2870,2872,2886,655300
2022-04-06,2886,2922,2886,2919,2909,622925
2022-04-07,2922,2927,2910,2917,2918,603712
2022-04-08,2911,2913,2890,2897,2900,660982
2022-04-11,2898,2905,2887,2889,2896,633784
2022-04-12,2885,2895,2880,2894,2888,464999
2022-04-13,2892,2906,2883,2892,2894,474046
2022-04-14,2892,2927,2891,2924,2914,742027
2022-04-15,2922,2945,2918,2944,2935,507780
2022-04-18,2944,2947,2930,2942,2939,429283
2022-04-19,2942,2971,2935,2966,2959,656952
2022-04-20,2965,2987,2959,2983,2975,743542
2022-04-21,2994,2994,2979,2989,2988,485531
2022-04-22,2984,2994,2959,2962,2977,744033
2022-04-25,2975,2976,2946,2946,2960,785441
2022-04-26,2949,2988,2949,2973,2971,633277
2022-04-27,2974,2984,2955,2966,2968,607295
2022-04-28,2968,3009,2965,3008,2989,799243
2022-04-29,3008,3028,2994,3027,3008,771370
2022-05-05,3017,3017,2999,3003,3009,403016
2022-05-06,3012,3017,2972,2977,2990,685131
2022-05-09,2976,2990,2966,2975,2976,505705
2022-05-10,2974,2986,2936,2951,2958,778578
2022-05-11,2958,2969,2950,2955,2959,399191
2022-05-12,2951,2974,2951,2960,2962,439926
2022-05-13,2959,2991,2955,2980,2976,555571
2022-05-16,2979,2990,2966,2987,2980,513352
2022-05-17,2985,3010,2979,2998,2996,604480
2022-05-18,2999,3008,2991,2996,2999,398447
2022-05-19,2996,3006,2981,2986,2992,484041
2022-05-20,2983,2999,2975,2998,2986,460418
2022-05-23,2994,2996,2972,2974,2982,572446
2022-05-24,2974,2978,2946,2947,2961,650452
2022-05-25,2947,2958,2918,2937,2936,871632
2022-05-26,2930,2936,2912,2929,2924,522513
2022-05-27,2926,2948,2914,2938,2932,504868
2022-05-30,2939,2943,2916,2917,2927,477317
2022-05-31,2916,2940,2914,2930,2929,395711
2022-06-01,2928,2929,2869,2874,2895,964073
2022-06-02,2885,2891,2862,2873,2875,618865
2022-06-06,2884,2899,2882,2888,2890,357180
2022-06-07,2881,2891,2875,2878,2882,302378
2022-06-08,2886,2905,2881,2894,2893,551937
2022-06-09,2894,2899,2851,2851,2877,536272
2022-06-10,2852,2870,2846,2866,2860,454479
2022-06-13,2867,2891,2861,2886,2877,498329
2022-06-14,2890,2911,2880,2890,2894,483316
2022-06-15,2893,2893,2874,2882,2882,395460
2022-06-16,2884,2895,2881,2888,2889,372981
2022-06-17,2894,2909,2886,2906,2898,456817
2022-06-20,2909,2919,2897,2903,2907,484168
2022-06-21,2903,2912,2883,2901,2896,448107
2022-06-22,2893,2898,2848,2854,2871,727743
2022-06-23,2854,2861,2805,2829,2833,828386
2022-06-24,2832,2832,2771,2785,2794,680527
2022-06-27,2799,2810,2786,2796,2798,480079
2022-06-28,2796,2821,2793,2815,2804,433316
2022-06-29,2813,2818,2805,2811,2812,308406
2022-06-30,2811,2818,2773,2784,2794,499573
2022-07-01,2775,2776,2706,2710,2745,812565
2022-07-04,2718,2732,2686,2724,2713,653365
2022-07-05,2723,2726,2689,2696,2708,449530
2022-07-06,2696,2696,2660,2692,2677,732546
2022-07-07,2696,2736,2686,2722,2709,590321
2022-07-08,2729,2737,2717,2730,2726,355960
2022-07-11,2730,2764,2724,2748,2747,484914
2022-07-12,2751,2751,2715,2716,2730,453186
2022-07-13,2706,2714,2677,2708,2695,566201
2022-07-14,2700,2722,2690,2712,2708,370577
2022-07-15,2711,2714,2677,2688,2701,512735
2022-07-18,2687,2695,2668,2689,2683,535798
2022-07-19,2693,2707,2629,2631,2670,658559
2022-07-20,2627,2650,2618,2638,2633,557543
2022-07-21,2639,2645,2623,2636,2632,365199
2022-07-22,2624,2624,2572,2580,2594,600859
2022-07-25,2577,2623,2567,2618,2601,677873
2022-07-26,2619,2657,2619,2648,2642,508838
2022-07-27,2651,2666,2643,2666,2656,409185
2022-07-28,2667,2700,2667,2691,2684,547769
2022-07-29,2695,2704,2675,2693,2688,391703
2022-08-01,2702,2717,2682,2697,2696,458144
2022-08-02,2686,2713,2674,2710,2697,471297
2022-08-03,2705,2728,2697,2715,2711,388417
2022-08-04,2716,2720,2680,2689,2701,361399
2022-08-05,2693,2718,2690,2716,2706,485628
2022-08-08,2711,2722,2689,2714,2706,507242
2022-08-09,2710,2732,2709,2723,2721,479681
2022-08-10,2727,2747,2727,2735,2735,516952
2022-08-11,2738,2741,2705,2722,2721,430609
2022-08-12,2728,2763,2727,2754,2748,582006
2022-08-15,2748,2755,2705,2714,2735,531913
2022-08-16,2710,2758,2699,2747,2733,507293
2022-08-17,2737,2739,2710,2721,2723,422285
2022-08-18,2724,2724,2679,2683,2697,553862
2022-08-19,2684,2696,2666,2685,2684,471746
2022-08-22,2685,2701,2676,2686,2686,359527
2022-08-23,2686,2737,2677,2731,2714,669746
2022-08-24,2731,2758,2724,2751,2742,581729
2022-08-25,2753,2754,2717,2726,2736,498273
2022-08-26,2724,2766,2724,2760,2747,502549
2022-08-29,2759,2804,2743,2802,2781,798558
2022-08-30,2800,2801,2784,2788,2792,373743
2022-08-31,2785,2803,2771,2794,2787,507124
2022-09-01,2783,2798,2777,2797,2790,338959
2022-09-02,2799,2799,2777,2787,2790,470730
2022-09-05,2795,2815,2790,2798,2799,488663
2022-09-06,2800,2828,2799,2824,2817,526955
2022-09-07,2821,2821,2789,2795,2805,468979
2022-09-08,2806,2821,2784,2806,2801,546916
2022-09-09,2801,2823,2789,2820,2806,551898
2022-09-13,2839,2859,2831,2842,2840,361459
2022-09-14,2842,2845,2832,2843,2838,290059
2022-09-15,2838,2843,2829,2834,2835,329750
2022-09-16,2839,2851,2834,2840,2841,372181
2022-09-19,2839,2860,2834,2852,2849,385645
2022-09-20,2845,2852,2821,2839,2837,457868
2022-09-21,2842,2867,2841,2853,2851,465497
2022-09-22,2845,2859,2843,2849,2851,347104
2022-09-23,2853,2856,2829,2833,2839,375022
2022-09-26,2827,2831,2788,2789,2809,609273
2022-09-27,2796,2801,2773,2787,2787,536748
2022-09-28,2790,2797,2753,2765,2772,500051
2022-09-29,2771,2786,2765,2775,2776,379051
2022-09-30,2777,2789,2771,2782,2782,358604
2022-10-10,2789,2811,2774,2811,2790,459462
2022-10-11,2813,2843,2813,2836,2831,764434
2022-10-12,2833,2850,2827,2850,2840,462721
2022-10-13,2848,2859,2838,2854,2851,474888
2022-10-14,2849,2884,2839,2882,2864,544037
2022-10-17,2879,2886,2858,2871,2871,489364
2022-10-18,2875,2884,2849,2873,2864,504543
2022-10-19,2871,2882,2861,2872,2871,357738
2022-10-20,2867,2878,2858,2874,2868,397925
2022-10-21,2875,2901,2871,2896,2888,557086
2022-10-24,2890,2913,2888,2899,2902,504860
2022-10-25,2899,2901,2867,2876,2882,517898
2022-10-26,2878,2898,2876,2889,2887,447935
2022-10-27,2889,2902,2879,2891,2889,409097
2022-10-28,2896,2897,2869,2877,2883,478613
2022-10-31,2876,2908,2860,2902,2891,666700
2022-11-01,2901,2909,2881,2899,2895,627584
2022-11-02,2902,2917,2875,2877,2897,583331
2022-11-03,2867,2875,2853,2860,2863,658233
2022-11-04,2858,2896,2856,2887,2876,540876
2022-11-07,2886,2907,2884,2906,2896,505886
2022-11-08,2908,2916,2904,2912,2910,409453
2022-11-09,2912,2914,2889,2890,2898,507042
2022-11-10,2892,2902,2882,2895,2892,568304
2022-11-11,2893,2908,2884,2902,2901,551642
2022-11-14,2904,2910,2870,2873,2892,750462
2022-11-15,2877,2886,2857,2862,2872,558567
2022-11-16,2861,2873,2845,2849,2857,564963
2022-11-17,2850,2854,2833,2836,2843,516203
2022-11-18,2829,2847,2823,2837,2835,458837
2022-11-21,2839,2869,2836,2866,2858,624516
2022-11-22,2868,2875,2860,2866,2866,434997
2022-11-23,2870,2887,2865,2882,2877,567293
2022-11-24,2884,2889,2877,2888,2882,412123
2022-11-25,2890,2919,2890,2918,2903,680436
2022-11-28,2922,2926,2904,2919,2915,570035
2022-11-29,2927,2927,2898,2904,2912,589271
2022-11-30,2900,2903,2873,2892,2885,739158
2022-12-01,2892,2901,2874,2880,2887,555121
2022-12-02,2879,2884,2861,2869,2872,498209
2022-12-05,2867,2879,2842,2846,2859,779600
2022-12-06,2847,2850,2837,2838,2842,525123
2022-12-07,2839,2839,2816,2823,2823,604716
2022-12-08,2827,2845,2820,2841,2834,539746
2022-12-09,2839,2839,2823,2827,2830,445606
2022-12-12,2826,2846,2818,2820,2828,482198
2022-12-13,2819,2834,2815,2822,2825,395347
2022-12-14,2823,2828,2801,2802,2813,515791
2022-12-15,2800,2817,2798,2805,2805,469013
2022-12-16,2804,2829,2804,2823,2818,489011
2022-12-19,2825,2825,2795,2797,2809,551283
2022-12-20,2800,2803,2769,2770,2788,495069
2022-12-21,2773,2773,2740,2757,2754,768647
2022-12-22,2759,2774,2751,2767,2766,461937
2022-12-23,2769,2775,2759,2768,2766,373813
2022-12-26,2769,2793,2762,2788,2780,476095
2022-12-27,2788,2798,2781,2796,2788,415832
2022-12-28,2801,2822,2797,2821,2809,565407
2022-12-29,2823,2830,2806,2813,2815,556513
2022-12-30,2816,2831,2807,2822,2818,545237
2023-01-03,2824,2836,2814,2834,2826,482315
2023-01-04,2834,2865,2834,2865,2854,764920
2023-01-05,2864,2871,2851,2867,2863,580525
2023-01-06,2865,2878,2857,2873,2867,641456
2023-01-09,2872,2881,2869,2878,2875,485354
2023-01-10,2878,2879,2848,2861,2859,588384
2023-01-11,2861,2864,2844,2860,2855,452457
2023-01-12,2864,2871,2853,2864,2860,482136
2023-01-13,2866,2885,2854,2862,2868,676443
2023-01-16,2865,2870,2860,2865,2865,468211
2023-01-17,2867,2876,2856,2867,2866,429555
2023-01-18,2865,2881,2862,2880,2872,483029
2023-01-19,2879,2882,2849,2857,2866,454241
2023-01-20,2857,2860,2835,2844,2845,459655
2023-01-30,2848,2878,2847,2872,2869,453668
2023-01-31,2870,2872,2836,2842,2850,716519
2023-02-01,2841,2843,2817,2833,2830,713283
2023-02-02,2833,2843,2824,2830,2831,516223
2023-02-03,2831,2840,2825,2832,2831,580253
2023-02-06,2828,2832,2800,2801,2813,769515
2023-02-07,2801,2810,2798,2806,2803,556809
2023-02-08,2801,2810,2799,2807,2805,621890
2023-02-09,2806,2807,2787,2792,2793,599392
2023-02-10,2793,2796,2786,2794,2790,588405
2023-02-13,2793,2827,2793,2821,2818,749680
2023-02-14,2820,2843,2812,2840,2826,603586
2023-02-15,2840,2844,2830,2833,2836,392983
2023-02-16,2834,2845,2830,2843,2838,385704
2023-02-17,2839,2855,2832,2854,2844,411087
2023-02-20,2853,2865,2847,2862,2858,395284
2023-02-21,2860,2867,2853,2862,2859,371298
2023-02-22,2864,2865,2853,2863,2859,304985
2023-02-23,2861,2867,2850,2852,2858,402201
2023-02-24,2851,2860,2847,2855,2854,342762
2023-02-27,2851,2856,2824,2831,2836,603501
2023-02-28,2833,2836,2821,2823,2827,344700
2023-03-01,2824,2843,2817,2836,2832,484411
2023-03-02,2835,2835,2820,2829,2827,351655
2023-03-03,2828,2831,2821,2822,2824,324708
2023-03-06,2821,2841,2809,2811,2823,620425
2023-03-07,2810,2837,2810,2829,2824,428511
2023-03-08,2831,2839,2826,2837,2832,331016
2023-03-09,2832,2835,2818,2822,2824,354509
2023-03-10,2825,2837,2822,2831,2830,393849
2023-03-13,2828,2830,2806,2815,2816,520388
2023-03-14,2811,2822,2798,2817,2809,549490
2023-03-15,2811,2821,2811,2813,2816,326375
2023-03-16,2808,2817,2804,2806,2809,391954
2023-03-17,2809,2824,2802,2817,2814,434973
2023-03-20,2816,2831,2815,2820,2824,532334
2023-03-21,2819,2821,2759,2760,2782,1125746
2023-03-22,2778,2779,2740,2754,2753,1035611
2023-03-23,2753,2761,2742,2756,2752,810086
2023-03-24,2755,2762,2721,2740,2737,1181167
2023-03-27,2739,2746,2693,2700,2718,1135157
2023-03-28,2703,2734,2699,2733,2719,823160
2023-03-29,2734,2744,2729,2731,2736,597240
2023-03-30,2736,2738,2724,2733,2731,693655
2023-03-31,2733,2736,2711,2719,2719,834186
2023-04-03,2715,2736,2713,2716,2722,905924
2023-04-04,2715,2728,2702,2719,2716,863050
2023-04-06,2714,2718,2702,2708,2709,445866
2023-04-07,2707,2728,2688,2720,2710,887885
2023-04-10,2721,2754,2720,2753,2739,932449
2023-04-11,2752,2766,2744,2756,2756,735648
2023-04-12,2754,2757,2741,2746,2746,511011
2023-04-13,2748,2754,2730,2731,2743,589864
2023-04-14,2734,2746,2727,2744,2738,543128
2023-04-17,2741,2744,2719,2721,2729,622281
2023-04-18,2723,2740,2722,2727,2729,526645
2023-04-19,2725,2733,2715,2718,2725,467141
2023-04-20,2716,2721,2679,2698,2700,1036039
2023-04-21,2690,2697,2657,2664,2679,831382
2023-04-24,2668,2674,2651,2662,2664,887488
2023-04-25,2657,2662,2646,2657,2654,704184
2023-04-26,2656,2673,2656,2669,2664,823375
2023-04-27,2666,2672,2642,2643,2656,697341
2023-04-28,2641,2643,2611,2626,2623,845503
2023-05-04,2624,2635,2577,2581,2598,805762
2023-05-05,2582,2591,2570,2580,2579,629679
2023-05-08,2579,2609,2579,2605,2593,787899
2023-05-09,2602,2607,2573,2574,2588,577501
2023-05-10,2572,2572,2526,2542,2542,1086354
2023-05-11,2542,2547,2501,2502,2515,756898
2023-05-12,2499,2540,2478,2523,2507,1306917
2023-05-15,2525,2526,2489,2513,2507,932904
2023-05-16,2515,2542,2515,2522,2525,645408
2023-05-17,2518,2526,2491,2523,2510,692940
2023-05-18,2518,2533,2503,2521,2517,705609
2023-05-19,2513,2526,2509,2521,2517,529271
2023-05-22,2526,2559,2526,2533,2540,916840
2023-05-23,2531,2558,2531,2554,2547,588430
2023-05-24,2561,2563,2523,2531,2540,719649
2023-05-25,2534,2542,2520,2539,2530,797641
2023-05-26,2540,2572,2536,2567,2556,923720
2023-05-29,2569,2598,2566,2584,2585,802119
2023-05-30,2585,2590,2567,2589,2579,800223
2023-05-31,2593,2598,2572,2579,2581,727132
2023-06-01,2573,2604,2571,2603,2586,662912
2023-06-02,2606,2615,2587,2596,2598,765023
2023-06-05,2597,2621,2597,2603,2610,673557
2023-06-06,2601,2604,2581,2584,2589,856866
2023-06-07,2583,2591,2574,2582,2580,683376
2023-06-08,2585,2599,2584,2588,2589,623838
2023-06-09,2591,2606,2586,2603,2596,668647
2023-06-12,2599,2605,2563,2566,2584,1185604
2023-06-13,2570,2591,2557,2589,2572,765446
2023-06-14,2594,2596,2581,2589,2589,615157
2023-06-15,2588,2626,2586,2625,2604,873543
2023-06-16,2622,2653,2617,2651,2637,835892
2023-06-19,2657,2673,2646,2657,2658,978370
2023-06-20,2659,2678,2644,2654,2661,831754
2023-06-21,2653,2669,2647,2662,2658,771932
2023-06-26,2650,2673,2638,2658,2653,700509
2023-06-27,2663,2688,2661,2677,2677,858217
2023-06-28,2671,2676,2651,2664,2661,888975
2023-06-29,2659,2680,2656,2673,2669,595826
2023-06-30,2667,2689,2667,2678,2676,817300
2023-07-03,2684,2688,2645,2664,2661,928421
2023-07-04,2663,2679,2651,2677,2664,836744
2023-07-05,2681,2713,2675,2707,2694,929155
2023-07-06,2713,2731,2706,2723,2720,834124
2023-07-07,2724,2730,2711,2717,2719,615816
2023-07-10,2716,2721,2696,2702,2705,638948
2023-07-11,2704,2712,2683,2685,2697,628692
2023-07-12,2684,2688,2662,2677,2673,787723
2023-07-13,2673,2682,2662,2667,2672,567109
2023-07-14,2669,2681,2667,2670,2673,497522
2023-07-17,2675,2697,2665,2686,2681,804842
2023-07-18,2685,2687,2641,2646,2653,1015412
2023-07-19,2655,2674,2652,2667,2662,679797
2023-07-20,2676,2680,2664,2668,2670,625085
2023-07-21,2670,2671,2638,2641,2651,670012
2023-07-24,2638,2648,2631,2632,2636,569009
2023-07-25,2638,2644,2630,2635,2634,487163
2023-07-26,2631,2657,2631,2646,2645,755995
2023-07-27,2645,2646,2632,2638,2638,532794
2023-07-28,2639,2656,2634,2651,2647,648660
2023-07-31,2650,2659,2640,2652,2648,569313
2023-08-01,2653,2659,2635,2641,2646,675347
2023-08-02,2640,2644,2629,2641,2637,552408
2023-08-03,2640,2677,2640,2671,2661,1055914
2023-08-04,2671,2699,2665,2697,2676,720226
2023-08-07,2697,2712,2680,2703,2696,1065747
2023-08-08,2703,2730,2699,2724,2711,783068
2023-08-09,2722,2744,2720,2735,2733,907343
2023-08-10,2733,2737,2711,2730,2720,986170
2023-08-11,2732,2751,2694,2695,2724,1431759
2023-08-14,2695,2700,2675,2680,2683,939092
2023-08-15,2680,2687,2671,2686,2680,565007
2023-08-16,2681,2688,2627,2628,2652,1017707
2023-08-17,2627,2634,2603,2619,2616,1052506
2023-08-18,2617,2642,2616,2631,2629,912198
2023-08-21,2633,2654,2630,2637,2640,900161
2023-08-22,2639,2642,2624,2633,2632,667748
2023-08-23,2635,2656,2633,2645,2643,811216
2023-08-24,2645,2667,2645,2662,2655,756103
2023-08-25,2664,2682,2662,2681,2671,857726
2023-08-28,2681,2683,2653,2673,2669,1001102
2023-08-29,2675,2698,2675,2690,2687,796733
2023-08-30,2689,2694,2678,2692,2686,670690
2023-08-31,2700,2704,2683,2691,2689,638031
2023-09-01,2695,2695,2667,2678,2677,627251
2023-09-04,2681,2683,2634,2640,2650,881139
2023-09-05,2640,2656,2639,2649,2647,539210
2023-09-06,2648,2661,2636,2652,2650,533537
2023-09-07,2654,2663,2638,2643,2650,601206
2023-09-08,2642,2642,2624,2624,2630,655946
2023-09-11,2626,2640,2624,2632,2630,515447
2023-09-12,2630,2632,2616,2619,2623,540021
2023-09-13,2624,2626,2600,2609,2611,629590
2023-09-14,2613,2626,2606,2624,2616,616988
2023-09-15,2623,2649,2622,2644,2635,697976
2023-09-18,2643,2644,2604,2608,2619,751717
2023-09-19,2604,2611,2595,2598,2601,576322
2023-09-20,2601,2621,2601,2614,2611,638227
2023-09-21,2614,2615,2604,2612,2608,559544
2023-09-22,2613,2622,2597,2611,2608,613990
2023-09-25,2611,2618,2583,2590,2595,707279
2023-09-26,2589,2592,2577,2578,2585,507956
2023-09-27,2579,2582,2558,2582,2567,769914
2023-09-28,2582,2594,2576,2592,2584,593020
2023-10-09,2572,2573,2557,2560,2563,512518
2023-10-10,2560,2568,2556,2564,2562,502113
2023-10-11,2563,2567,2540,2552,2548,709693
2023-10-12,2553,2560,2546,2551,2552,566066
2023-10-13,2547,2560,2544,2554,2551,545542
2023-10-16,2555,2560,2534,2540,2544,725426
2023-10-17,2538,2542,2513,2520,2525,765816
2023-10-18,2517,2518,2497,2500,2509,679406
2023-10-19,2500,2530,2496,2522,2514,771773
2023-10-20,2522,2526,2510,2518,2519,473178
2023-10-23,2517,2528,2514,2523,2521,567837
2023-10-24,2521,2534,2520,2530,2528,513055
2023-10-25,2531,2543,2526,2529,2533,547916
2023-10-26,2531,2531,2504,2513,2512,766345
2023-10-27,2513,2531,2506,2526,2518,637373
2023-10-30,2524,2552,2523,2549,2539,812472
2023-10-31,2546,2554,2537,2548,2544,582718
2023-11-01,2549,2561,2540,2552,2551,528044
2023-11-02,2553,2559,2549,2558,2554,383505
2023-11-03,2558,2564,2546,2562,2557,520457
2023-11-06,2562,2582,2560,2574,2571,749559
2023-11-07,2572,2576,2546,2552,2561,650189
2023-11-08,2549,2562,2549,2559,2555,432660
2023-11-09,2560,2568,2544,2554,2555,497526
2023-11-10,2552,2554,2529,2531,2537,759207
2023-11-13,2528,2544,2526,2536,2535,496955
2023-11-14,2539,2558,2530,2551,2543,643885
2023-11-15,2553,2558,2548,2552,2552,477295
2023-11-16,2552,2566,2550,2560,2559,473204
2023-11-17,2560,2563,2545,2551,2554,527527
2023-11-20,2552,2579,2551,2574,2569,718488
2023-11-21,2572,2582,2569,2573,2575,496532
2023-11-22,2575,2575,2544,2551,2553,648691
2023-11-23,2550,2556,2536,2542,2545,463219
2023-11-24,2544,2550,2533,2533,2542,418512
2023-11-27,2534,2543,2514,2516,2523,684050
2023-11-28,2517,2520,2497,2498,2506,585333
2023-11-29,2499,2507,2495,2498,2500,425052
2023-11-30,2502,2509,2497,2504,2503,377986
2023-12-01,2504,2509,2485,2489,2496,490396
2023-12-04,2489,2499,2482,2485,2489,537003
2023-12-05,2484,2491,2473,2479,2482,516540
2023-12-06,2477,2499,2472,2496,2485,635119
2023-12-07,2494,2497,2481,2486,2489,528943
2023-12-08,2488,2495,2477,2494,2486,563549
2023-12-11,2493,2494,2476,2483,2485,494189
2023-12-12,2477,2482,2448,2467,2463,961335
2023-12-13,2466,2466,2448,2448,2454,668454
2023-12-14,2447,2455,2439,2444,2446,580904
2023-12-15,2448,2456,2437,2439,2444,560905
2023-12-18,2437,2438,2388,2401,2406,1137333
2023-12-19,2402,2403,2369,2374,2380,968341
2023-12-20,2376,2390,2361,2386,2378,855498
2023-12-21,2389,2400,2382,2394,2390,729472
2023-12-22,2395,2421,2391,2414,2409,892614
2023-12-25,2415,2455,2415,2431,2437,1020372
2023-12-26,2432,2433,2409,2411,2423,611381
2023-12-27,2410,2417,2400,2405,2407,614425
2023-12-28,2405,2433,2403,2433,2417,660135
2023-12-29,2434,2434,2408,2408,2419,578693
2024-01-02,2421,2427,2402,2417,2415,421495
2024-01-03,2419,2443,2415,2430,2428,633331
2024-01-04,2430,2434,2415,2416,2425,332716
2024-01-05,2417,2417,2389,2393,2401,677211
2024-01-08,2395,2406,2379,2388,2390,635179
2024-01-09,2386,2389,2369,2385,2379,508154
2024-01-10,2382,2389,2354,2354,2370,606446
2024-01-11,2351,2425,2340,2403,2385,1272787
2024-01-12,2399,2404,2374,2375,2387,670890
2024-01-15,2380,2392,2367,2383,2378,578701
2024-01-16,2383,2390,2372,2387,2379,480557
2024-01-17,2381,2386,2358,2360,2373,618014
2024-01-18,2356,2367,2336,2360,2350,839184
2024-01-19,2356,2367,2343,2347,2355,623038
2024-01-22,2344,2348,2322,2328,2332,670079
2024-01-23,2327,2347,2323,2344,2333,622135
2024-01-24,2347,2357,2338,2350,2348,530887
2024-01-25,2350,2360,2346,2352,2353,477832
2024-01-26,2347,2367,2340,2362,2352,606930
2024-01-29,2362,2390,2357,2380,2376,733503
2024-01-30,2379,2383,2369,2378,2376,409800
2024-01-31,2379,2400,2368,2394,2387,615653
2024-02-01,2393,2407,2386,2404,2397,451739
2024-02-02,2406,2413,2398,2407,2405,471330
2024-02-05,2407,2407,2383,2397,2393,572303
2024-02-06,2398,2417,2396,2415,2406,434305
2024-02-07,2415,2415,2406,2409,2409,385197
2024-02-08,2408,2418,2396,2415,2410,380442
2024-02-19,2397,2403,2381,2394,2392,508350
2024-02-20,2392,2414,2392,2407,2404,589222
2024-02-21,2412,2434,2412,2429,2422,646354
2024-02-22,2429,2467,2425,2465,2443,893206
2024-02-23,2463,2468,2449,2465,2460,729983
2024-02-26,2460,2480,2456,2463,2467,813348
2024-02-27,2458,2462,2448,2456,2456,555334
2024-02-28,2457,2468,2455,2456,2462,503529
2024-02-29,2456,2468,2453,2465,2460,436279
2024-03-01,2465,2475,2458,2465,2467,491492
2024-03-04,2465,2467,2435,2445,2446,685743
2024-03-05,2445,2455,2438,2449,2445,433539
2024-03-06,2449,2461,2443,2457,2452,454261
2024-03-07,2460,2467,2453,2456,2461,399506
2024-03-08,2460,2464,2446,2449,2455,561674
2024-03-11,2447,2448,2429,2431,2435,688681
2024-03-12,2435,2456,2434,2445,2447,618300
2024-03-13,2444,2450,2439,2443,2445,356975
2024-03-14,2443,2449,2429,2431,2439,557029
2024-03-15,2432,2463,2429,2458,2444,722093
2024-03-18,2460,2468,2446,2449,2459,714248
2024-03-19,2448,2448,2424,2430,2433,789158
2024-03-20,2430,2440,2430,2433,2435,388110
2024-03-21,2432,2444,2426,2434,2434,533691
2024-03-22,2435,2438,2407,2413,2419,751311
2024-03-25,2414,2424,2405,2409,2414,601414
2024-03-26,2409,2413,2395,2397,2400,470865
2024-03-27,2396,2410,2394,2396,2399,497570
2024-03-28,2400,2423,2397,2416,2410,811181
2024-03-29,2416,2434,2414,2425,2425,609201
2024-04-01,2423,2439,2417,2438,2426,649113
2024-04-02,2439,2450,2431,2444,2440,526756
2024-04-03,2446,2453,2438,2440,2446,478466
2024-04-08,2438,2438,2422,2434,2429,556586
2024-04-09,2433,2438,2427,2435,2432,490560
2024-04-10,2435,2442,2433,2439,2438,413406
2024-04-11,2439,2441,2420,2420,2429,571606
2024-04-12,2421,2426,2415,2420,2420,449311
2024-04-15,2423,2435,2414,2421,2424,614850
2024-04-16,2421,2423,2404,2409,2413,562625
2024-04-17,2407,2409,2395,2405,2402,653444
2024-04-18,2406,2416,2402,2404,2407,525530
2024-04-19,2403,2420,2399,2416,2409,723160
2024-04-22,2417,2426,2407,2408,2414,566039
2024-04-23,2408,2427,2404,2417,2417,561846
2024-04-24,2416,2425,2413,2423,2419,410418
2024-04-25,2424,2425,2411,2413,2416,425589
2024-04-26,2416,2416,2391,2397,2399,820217
2024-04-29,2396,2403,2382,2394,2391,632185
2024-04-30,2393,2396,2386,2390,2389,383538
2024-05-06,2396,2410,2389,2407,2400,448634
2024-05-07,2410,2440,2409,2437,2426,900324
2024-05-08,2436,2449,2433,2443,2440,696902
2024-05-09,2441,2463,2439,2445,2450,789269
2024-05-10,2442,2454,2438,2450,2444,619836
2024-05-13,2452,2459,2440,2446,2449,688521
2024-05-14,2447,2465,2445,2456,2457,729136
2024-05-15,2456,2460,2447,2459,2455,491442
2024-05-16,2460,2471,2458,2468,2465,546937
2024-05-17,2468,2475,2457,2459,2465,643208
2024-05-20,2459,2464,2450,2456,2456,593805
2024-05-21,2457,2462,2448,2452,2453,618464
2024-05-22,2454,2476,2453,2475,2466,665095
2024-05-23,2475,2482,2464,2468,2471,632486
2024-05-24,2471,2477,2457,2461,2465,591670
2024-05-27,2460,2462,2447,2450,2452,489325
2024-05-28,2453,2458,2447,2452,2452,528844
2024-05-29,2451,2452,2435,2438,2440,653761
2024-05-30,2438,2447,2428,2431,2435,636504
2024-05-31,2433,2440,2432,2437,2436,466486
2024-06-03,2438,2444,2436,2437,2440,460478
2024-06-04,2440,2447,2427,2430,2434,566347
2024-06-05,2429,2440,2427,2435,2434,453820
2024-06-06,2440,2446,2437,2442,2441,424326
2024-06-07,2444,2469,2444,2463,2459,950336
2024-06-11,2465,2476,2457,2460,2464,477900
2024-06-12,2460,2471,2460,2467,2466,470328
2024-06-13,2468,2471,2454,2460,2462,610663
2024-06-14,2462,2471,2459,2460,2464,514714
2024-06-17,2461,2461,2444,2445,2452,610666
2024-06-18,2447,2450,2436,2436,2443,531016
2024-06-19,2436,2450,2432,2438,2440,510383
2024-06-20,2438,2448,2438,2445,2443,409246
2024-06-21,2446,2449,2440,2444,2445,380543
2024-06-24,2443,2476,2441,2471,2463,767678
2024-06-25,2470,2485,2460,2483,2472,785611
2024-06-26,2480,2493,2480,2488,2486,747213
2024-06-27,2487,2490,2480,2482,2485,595698
2024-06-28,2480,2485,2473,2480,2480,471607
2024-07-01,2478,2481,2453,2455,2462,726954
2024-07-02,2455,2459,2447,2459,2452,458411
2024-07-03,2460,2464,2451,2451,2456,427156
2024-07-04,2451,2453,2438,2440,2444,471662
2024-07-05,2439,2447,2432,2435,2438,485338
2024-07-08,2436,2440,2423,2424,2431,568718
2024-07-09,2423,2423,2400,2402,2409,687707
2024-07-10,2402,2402,2379,2383,2388,697801
2024-07-11,2384,2391,2373,2375,2380,529192
2024-07-12,2376,2388,2369,2370,2380,555287
2024-07-15,2374,2382,2349,2355,2365,841409
2024-07-16,2353,2359,2334,2350,2347,627147
2024-07-17,2349,2366,2348,2356,2356,665556
2024-07-18,2357,2365,2348,2364,2354,487627
2024-07-19,2365,2367,2354,2362,2360,452650
2024-07-22,2364,2380,2363,2373,2372,545908
2024-07-23,2372,2379,2360,2362,2370,540280
2024-07-24,2365,2367,2341,2342,2352,724634
2024-07-25,2342,2342,2312,2326,2325,918581
2024-07-26,2325,2335,2316,2328,2327,704457
2024-07-29,2326,2326,2300,2322,2314,758628
2024-07-30,2320,2329,2313,2316,2320,544973
2024-07-31,2314,2330,2308,2330,2318,584078
2024-08-01,2326,2334,2314,2319,2323,636461
2024-08-02,2318,2318,2296,2307,2306,755629
2024-08-05,2308,2309,2269,2275,2288,828723
2024-08-06,2266,2282,2256,2260,2269,746650
2024-08-07,2257,2280,2249,2274,2262,950005
2024-08-08,2272,2295,2269,2295,2282,708223
2024-08-09,2298,2304,2286,2301,2295,784801
2024-08-12,2300,2304,2275,2282,2285,692484
2024-08-13,2281,2295,2265,2267,2278,720110
2024-08-14,2267,2269,2249,2254,2256,732398
2024-08-15,2251,2276,2249,2274,2265,645433
2024-08-16,2272,2277,2252,2256,2263,759278
2024-08-19,2253,2284,2252,2281,2269,825303
2024-08-20,2282,2286,2272,2277,2278,597007
2024-08-21,2280,2295,2275,2294,2282,584952
2024-08-22,2292,2312,2291,2312,2300,738985
2024-08-23,2312,2314,2298,2303,2303,606289
2024-08-26,2300,2323,2300,2322,2314,649201
2024-08-27,2323,2340,2322,2334,2332,716324
2024-08-28,2334,2343,2323,2328,2333,688456
2024-08-29,2324,2332,2320,2328,2325,503711
2024-08-30,2329,2330,2314,2324,2321,582581
2024-09-02,2327,2331,2276,2277,2302,987896
2024-09-03,2279,2279,2257,2266,2267,1024272
2024-09-04,2267,2287,2261,2280,2275,784201
2024-09-05,2279,2292,2270,2273,2280,708203
2024-09-06,2276,2281,2261,2264,2270,643800
2024-09-09,2265,2273,2221,2229,2238,965867
2024-09-10,2229,2231,2210,2214,2222,740826
2024-09-11,2212,2226,2191,2223,2207,907619
2024-09-12,2221,2226,2207,2213,2214,679277
2024-09-13,2216,2220,2200,2212,2210,589599
2024-09-18,2202,2215,2174,2210,2194,811084
2024-09-19,2208,2209,2187,2187,2195,693606
2024-09-20,2187,2193,2170,2179,2180,802274
2024-09-23,2175,2175,2129,2157,2154,1066209
2024-09-24,2157,2172,2144,2170,2158,846194
2024-09-25,2176,2183,2156,2158,2170,860795
2024-09-26,2154,2174,2146,2170,2160,1054680
2024-09-27,2167,2206,2167,2200,2193,1200654
2024-09-30,2198,2250,2195,2249,2228,1074695
2024-10-08,2244,2244,2197,2210,2218,873081
2024-10-09,2207,2219,2201,2211,2210,781748
2024-10-10,2212,2230,2208,2214,2220,861085
2024-10-11,2214,2223,2209,2218,2217,621528
2024-10-14,2219,2240,2219,2231,2230,803310
2024-10-15,2229,2233,2223,2228,2228,518611
2024-10-16,2226,2226,2211,2218,2217,725922
2024-10-17,2219,2224,2197,2201,2212,907426
2024-10-18,2199,2213,2187,2207,2199,762207
2024-10-21,2205,2209,2179,2181,2190,645751
2024-10-22,2180,2192,2174,2191,2182,649306
2024-10-23,2192,2240,2191,2240,2214,1055053
2024-10-24,2238,2252,2231,2241,2242,937714
2024-10-25,2238,2251,2233,2237,2240,711787
2024-10-28,2233,2247,2223,2241,2234,628317
2024-10-29,2242,2246,2235,2240,2241,486989
2024-10-30,2242,2266,2238,2262,2251,787620
2024-10-31,2262,2267,2255,2263,2260,513666
2024-11-01,2264,2265,2247,2256,2255,599937
2024-11-04,2256,2263,2231,2235,2245,770784
2024-11-05,2234,2248,2225,2244,2236,611781
2024-11-06,2244,2253,2235,2242,2242,603913
2024-11-07,2241,2254,2232,2247,2245,705921
2024-11-08,2247,2251,2216,2222,2233,889296
2024-11-11,2219,2229,2205,2210,2215,708726
2024-11-12,2208,2216,2204,2212,2210,479898
2024-11-13,2215,2229,2213,2220,2219,646460
2024-11-14,2220,2228,2217,2220,2222,464142
2024-11-15,2220,2224,2204,2207,2213,642422
2024-11-18,2210,2240,2205,2233,2225,820673
2024-11-19,2232,2238,2226,2230,2230,415889
2024-11-20,2233,2237,2218,2222,2225,554244
2024-11-21,2222,2230,2215,2230,2222,563428
2024-11-22,2231,2238,2215,2217,2226,672083
2024-11-25,2219,2237,2213,2222,2225,813893
2024-11-26,2220,2228,2217,2222,2222,646924
2024-11-27,2223,2226,2204,2217,2214,950326
2024-11-28,2215,2217,2208,2215,2213,422661
2024-11-29,2212,2213,2191,2197,2201,960800
2024-12-02,2188,2203,2171,2173,2185,877857
2024-12-03,2166,2170,2149,2164,2160,1005530
2024-12-04,2164,2165,2124,2124,2139,1038106
2024-12-05,2120,2154,2074,2146,2117,2308642
2024-12-06,2145,2152,2122,2135,2138,981407
2024-12-09,2135,2147,2131,2137,2141,906913
2024-12-10,2144,2175,2141,2168,2162,1202632
2024-12-11,2169,2187,2166,2179,2178,983360
2024-12-12,2177,2181,2171,2174,2176,648380
2024-12-13,2171,2177,2157,2176,2168,854691
2024-12-16,2173,2175,2149,2167,2163,915127
2024-12-17,2167,2170,2151,2154,2160,844081
2024-12-18,2152,2152,2135,2143,2144,867261
2024-12-19,2150,2159,2134,2146,2149,947245
2024-12-20,2142,2156,2137,2156,2149,714103
2024-12-23,2156,2171,2149,2154,2158,806690
2024-12-24,2154,2166,2147,2162,2155,734815
2024-12-25,2164,2185,2164,2178,2177,945696
2024-12-26,2182,2185,2174,2180,2180,610815
2024-12-27,2183,2217,2183,2208,2202,1083832
2024-12-30,2208,2220,2200,2209,2209,865726
2024-12-31,2209,2211,2199,2204,2205,613630
2025-01-02,2204,2216,2201,2203,2211,539535
2025-01-03,2208,2212,2198,2207,2205,720972
2025-01-06,2204,2215,2192,2211,2206,790521
2025-01-07,2212,2218,2200,2209,2208,619121
2025-01-08,2211,2218,2206,2215,2213,497900
2025-01-09,2217,2220,2203,2217,2212,661691
2025-01-10,2220,2246,2219,2236,2238,1127791
2025-01-13,2235,2261,2228,2254,2248,751018
2025-01-14,2257,2268,2252,2265,2261,606102
2025-01-15,2266,2267,2252,2264,2260,655254
2025-01-16,2263,2278,2261,2276,2270,742167
2025-01-17,2277,2287,2266,2281,2277,834374
2025-01-20,2278,2287,2270,2277,2278,729033
2025-01-21,2276,2281,2261,2269,2270,678049
2025-01-22,2265,2267,2258,2264,2262,547791
2025-01-23,2263,2278,2263,2271,2272,593676
2025-01-24,2269,2270,2257,2260,2262,600151
2025-01-27,2261,2282,2258,2275,2269,484942
2025-02-05,2286,2298,2275,2279,2282,421384
2025-02-06,2278,2299,2278,2292,2289,747633
2025-02-07,2291,2295,2268,2280,2278,899468
2025-02-10,2278,2290,2278,2288,2283,611458
2025-02-11,2289,2294,2284,2291,2289,469448
2025-02-12,2291,2300,2282,2298,2289,708270
2025-02-13,2301,2318,2293,2298,2309,1091985
2025-02-14,2300,2308,2296,2299,2301,578693
2025-02-17,2300,2300,2278,2286,2288,955572
2025-02-18,2287,2295,2283,2288,2289,572533
2025-02-19,2288,2295,2283,2289,2289,538204
2025-02-20,2290,2291,2267,2268,2276,1030448
2025-02-21,2270,2281,2268,2275,2276,692054
2025-02-24,2276,2297,2273,2289,2287,867851
2025-02-25,2287,2292,2278,2279,2285,664367
2025-02-26,2276,2280,2266,2277,2273,875920
2025-02-27,2277,2299,2276,2298,2288,981508
2025-02-28,2297,2306,2293,2297,2299,729961
2025-03-03,2297,2320,2295,2317,2311,767694
2025-03-04,2320,2329,2314,2317,2322,989493
2025-03-05,2316,2317,2291,2292,2301,1117828
2025-03-06,2294,2318,2294,2317,2304,852725
2025-03-07,2317,2324,2312,2316,2318,694360
2025-03-10,2313,2343,2307,2326,2323,945685
2025-03-11,2327,2338,2319,2335,2329,724910
2025-03-12,2332,2336,2323,2324,2329,662529
2025-03-13,2321,2321,2304,2309,2312,985470
2025-03-14,2309,2322,2308,2319,2315,641413
2025-03-17,2322,2323,2302,2303,2314,751834
2025-03-18,2303,2309,2297,2303,2303,700156
2025-03-19,2304,2305,2292,2298,2298,763962
2025-03-20,2296,2298,2283,2295,2291,715265
2025-03-21,2295,2308,2292,2303,2299,589482
2025-03-24,2304,2308,2283,2287,2294,704596
2025-03-25,2286,2292,2282,2288,2287,567631
2025-03-26,2285,2293,2273,2279,2284,718733
2025-03-27,2279,2286,2272,2284,2277,671860
2025-03-28,2283,2289,2276,2278,2282,554095
2025-03-31,2277,2279,2263,2268,2269,802827
2025-04-01,2269,2280,2265,2275,2272,623838
2025-04-02,2275,2292,2273,2291,2284,712502
2025-04-03,2292,2306,2290,2306,2298,855999
2025-04-07,2311,2323,2299,2304,2312,971444
2025-04-08,2303,2314,2299,2311,2308,724687
2025-04-09,2311,2317,2287,2294,2302,1110579
2025-04-10,2301,2304,2286,2301,2296,744359
2025-04-11,2298,2304,2292,2301,2298,602615
2025-04-14,2303,2312,2293,2298,2303,785992
2025-04-15,2294,2299,2283,2291,2289,944171
2025-04-16,2292,2303,2289,2294,2297,769166
2025-04-17,2295,2300,2288,2294,2294,716648
2025-04-18,2295,2295,2280,2282,2286,878149
2025-04-21,2282,2297,2275,2296,2286,919927
2025-04-22,2296,2318,2294,2316,2309,1072160
2025-04-23,2316,2320,2310,2315,2315,727522
2025-04-24,2313,2330,2310,2329,2320,898853
2025-04-25,2326,2332,2318,2328,2325,864958
2025-04-28,2329,2362,2323,2354,2345,1292007
2025-04-29,2349,2363,2347,2349,2354,1023109
2025-04-30,2352,2372,2350,2370,2359,849940
2025-05-06,2375,2375,2342,2359,2358,808015
2025-05-07,2358,2380,2358,2362,2370,1070260
2025-05-08,2362,2371,2355,2359,2362,795165
2025-05-09,2361,2370,2356,2368,2363,590376
2025-05-12,2371,2381,2348,2356,2359,892132
2025-05-13,2353,2353,2334,2337,2341,941054
2025-05-14,2336,2350,2334,2348,2342,661529
2025-05-15,2345,2347,2333,2335,2337,601427
2025-05-16,2337,2345,2327,2328,2336,710937
2025-05-19,2329,2333,2323,2326,2327,623717
2025-05-20,2327,2334,2308,2310,2319,859435
2025-05-21,2313,2325,2306,2322,2315,878147
2025-05-22,2322,2327,2319,2325,2322,478662
2025-05-23,2325,2331,2320,2324,2324,531850
2025-05-26,2324,2329,2316,2316,2320,571811
2025-05-27,2317,2323,2312,2321,2317,576352
2025-05-28,2319,2324,2316,2323,2319,494049
2025-05-29,2320,2331,2318,2328,2325,608266
2025-05-30,2329,2340,2327,2332,2334,637444
2025-06-03,2338,2342,2316,2323,2323,647422
2025-06-04,2324,2332,2317,2328,2323,584988
2025-06-05,2328,2335,2321,2332,2329,546346
2025-06-06,2331,2338,2327,2336,2332,481719
2025-06-09,2336,2356,2334,2354,2347,799979
2025-06-10,2353,2377,2353,2373,2367,925000
2025-06-11,2374,2379,2361,2365,2370,976366
2025-06-12,2365,2371,2360,2362,2365,694002
2025-06-13,2364,2372,2354,2370,2362,750731
2025-06-16,2370,2371,2356,2357,2363,749871
2025-06-17,2356,2365,2354,2365,2359,683173
2025-06-18,2364,2381,2361,2364,2370,926463
2025-06-19,2365,2375,2360,2372,2368,620652
2025-06-20,2371,2380,2371,2376,2375,610733
2025-06-23,2378,2386,2374,2377,2380,715895
2025-06-24,2376,2377,2353,2361,2364,1001909
2025-06-25,2362,2366,2349,2350,2353,720281
2025-06-26,2349,2360,2346,2351,2352,647533
2025-06-27,2352,2358,2348,2357,2351,512344
2025-06-30,2353,2358,2347,2351,2350,663063
2025-07-01,2352,2360,2348,2356,2353,529416
2025-07-02,2357,2359,2333,2336,2341,885688
2025-07-03,2336,2342,2331,2336,2337,492390
2025-07-04,2336,2339,2328,2329,2333,556690
2025-07-07,2327,2328,2305,2306,2316,838871
2025-07-08,2306,2308,2290,2300,2299,819501
2025-07-09,2296,2307,2294,2297,2299,513348
2025-07-10,2295,2303,2291,2298,2295,495333
2025-07-11,2298,2301,2286,2288,2292,636815
2025-07-14,2286,2289,2265,2286,2278,964811
2025-07-15,2288,2293,2277,2280,2285,567306
2025-07-16,2281,2288,2274,2278,2280,463826
2025-07-17,2275,2282,2263,2281,2273,721739
2025-07-18,2284,2297,2279,2296,2288,740289
2025-07-21,2299,2305,2295,2300,2299,706858
2025-07-22,2301,2311,2296,2299,2302,658559
2025-07-23,2296,2300,2281,2297,2290,911274
2025-07-24,2297,2300,2288,2290,2292,581851
2025-07-25,2292,2295,2279,2283,2286,559221
2025-07-28,2282,2296,2269,2283,2283,1039984
2025-07-29,2282,2284,2264,2266,2269,818775
2025-07-30,2268,2276,2267,2272,2270,550823
2025-07-31,2271,2276,2252,2254,2264,732880
2025-08-01,2253,2270,2249,2258,2259,647971
2025-08-04,2259,2261,2249,2251,2253,641840
2025-08-05,2249,2251,2223,2225,2232,921346
2025-08-06,2228,2234,2221,2230,2227,693765
2025-08-07,2232,2239,2229,2233,2232,610038
2025-08-08,2231,2233,2214,2220,2222,612883
2025-08-11,2221,2228,2215,2223,2222,508830
2025-08-12,2224,2226,2215,2222,2218,547579
2025-08-13,2224,2235,2222,2234,2227,772626
2025-08-14,2235,2239,2218,2223,2228,780271
2025-08-15,2220,2223,2206,2209,2212,857513
2025-08-18,2210,2213,2194,2196,2202,818052
2025-08-19,2196,2200,2181,2183,2191,614735
2025-08-20,2185,2186,2169,2181,2177,715302
2025-08-21,2181,2185,2174,2175,2178,463779
2025-08-22,2175,2183,2157,2182,2166,961680
2025-08-25,2183,2186,2160,2164,2173,798251
2025-08-26,2164,2173,2161,2168,2167,520731
2025-08-27,2168,2177,2162,2174,2168,565090
2025-08-28,2176,2193,2176,2191,2185,977733
2025-08-29,2194,2199,2183,2193,2191,710652
2025-09-01,2193,2198,2186,2195,2192,544778
2025-09-02,2197,2214,2195,2199,2206,862034
2025-09-03,2199,2206,2192,2194,2197,570987
2025-09-04,2193,2211,2193,2209,2201,583515
2025-09-05,2211,2226,2210,2221,2217,809597
2025-09-08,2224,2228,2216,2225,2222,649559
2025-09-09,2227,2229,2203,2210,2211,880741
2025-09-10,2211,2211,2188,2192,2195,773359
2025-09-11,2194,2198,2189,2196,2193,521187
2025-09-12,2196,2198,2188,2191,2192,423325
2025-09-15,2192,2193,2167,2169,2176,843626
2025-09-16,2169,2177,2167,2168,2171,615892
2025-09-17,2167,2173,2161,2165,2166,597952
2025-09-18,2168,2178,2167,2177,2173,602855
2025-09-19,2178,2179,2168,2170,2173,468980
2025-09-22,2170,2176,2149,2149,2163,903297
2025-09-23,2147,2160,2140,2154,2150,865556
2025-09-24,2157,2158,2148,2157,2153,579589
2025-09-25,2159,2166,2152,2155,2157,644470
2025-09-26,2152,2171,2149,2164,2161,933351
2025-09-29,2164,2171,2150,2154,2160,851383
2025-09-30,2151,2155,2138,2145,2145,751342
2025-10-09,2130,2146,2129,2141,2138,673955
2025-10-10,2140,2144,2134,2137,2139,668027
2025-10-13,2135,2140,2113,2115,2125,938263
2025-10-14,2113,2128,2104,2123,2117,1107336
2025-10-15,2122,2138,2122,2138,2131,843483
2025-10-16,2139,2151,2137,2151,2146,898597
2025-10-17,2150,2156,2137,2138,2148,956980
2025-10-20,2140,2163,2132,2161,2152,1070750
2025-10-21,2161,2173,2155,2167,2165,900262
2025-10-22,2165,2165,2146,2158,2156,774568
2025-10-23,2156,2167,2148,2164,2156,695538
2025-10-24,2165,2165,2154,2158,2160,585451
2025-10-27,2160,2160,2138,2139,2145,870921
2025-10-28,2139,2154,2139,2152,2146,711293
2025-10-29,2152,2152,2144,2145,2148,539820
2025-10-30,2144,2149,2137,2140,2142,627210
2025-10-31,2139,2158,2137,2158,2147,859447
2025-11-03,2158,2172,2154,2170,2165,867994
2025-11-04,2171,2173,2162,2163,2167,521242
2025-11-05,2163,2171,2160,2163,2165,507930
2025-11-06,2162,2182,2157,2180,2170,763993
2025-11-07,2179,2184,2172,2176,2178,595516
2025-11-10,2175,2191,2172,2189,2184,718805
2025-11-11,2192,2206,2191,2200,2200,898066
2025-11-12,2202,2205,2196,2199,2201,618092
2025-11-13,2200,2209,2196,2206,2202,752369
2025-11-14,2209,2211,2196,2206,2203,595962
2025-11-17,2209,2209,2192,2201,2199,711027
2025-11-18,2201,2205,2188,2191,2194,651653
2025-11-19,2189,2200,2188,2196,2194,557815
2025-11-20,2194,2200,2188,2190,2193,537873
2025-11-21,2190,2219,2186,2211,2203,1137023
2025-11-24,2211,2229,2208,2229,2218,1144053
2025-11-25,2232,2243,2227,2243,2233,1159617
2025-11-26,2243,2253,2237,2244,2245,1548593
2025-11-27,2247,2258,2241,2253,2249,1053938
2025-11-28,2249,2260,2242,2251,2249,924974
2025-12-01,2252,2257,2235,2245,2244,970633
2025-12-02,2247,2258,2242,2251,2251,858063
2025-12-03,2253,2275,2248,2264,2261,1274941
2025-12-04,2266,2282,2265,2281,2274,1232637
2025-12-05,2284,2295,2281,2283,2285,1306670
2025-12-08,2281,2281,2249,2252,2262,1567873
2025-12-09,2251,2252,2235,2242,2241,1319218
2025-12-10,2238,2248,2230,2248,2238,1226941
2025-12-11,2246,2253,2238,2249,2245,1045108
2025-12-12,2248,2253,2239,2247,2246,796032
2025-12-15,2248,2250,2226,2226,2241,917838
2025-12-16,2225,2232,2219,2220,2226,886972
2025-12-17,2219,2230,2217,2223,2223,763173
2025-12-18,2223,2226,2207,2209,2215,788347
2025-12-19,2210,2214,2205,2211,2209,600645
2025-12-22,2212,2224,2209,2211,2216,699290
2025-12-23,2211,2221,2205,2208,2211,740627
2025-12-24,2208,2216,2203,2215,2210,529501
2025-12-25,2215,2216,2206,2209,2211,400821
2025-12-26,2211,2241,2209,2240,2226,1042102
2025-12-29,2237,2265,2235,2264,2253,1091121
2025-12-30,2263,2269,2239,2245,2254,1106862
2025-12-31,2244,2250,2240,2241,2243,626986
2026-01-05,2234,2248,2228,2240,2239,570194
2026-01-06,2239,2241,2225,2239,2234,718020
2026-01-07,2237,2263,2237,2262,2248,955752
2026-01-08,2260,2272,2253,2271,2261,986358
2026-01-09,2272,2275,2264,2268,2268,725401
2026-01-12,2267,2291,2260,2286,2277,877233
2026-01-13,2287,2291,2277,2281,2285,703774
2026-01-14,2280,2287,2270,2275,2277,691434
2026-01-15,2275,2291,2275,2290,2283,677839
2026-01-16,2292,2299,2280,2281,2289,759295
2026-01-19,2282,2286,2275,2279,2280,550645
2026-01-20,2277,2282,2263,2278,2272,778383
2026-01-21,2278,2285,2270,2282,2276,569379
2026-01-22,2282,2295,2276,2292,2285,629721
2026-01-23,2292,2303,2286,2295,2294,741168
2026-01-26,2294,2304,2291,2292,2297,978175
2026-01-27,2292,2292,2282,2284,2285,674986
2026-01-28,2284,2289,2272,2278,2280,903631
2026-01-29,2278,2288,2272,2286,2278,781128
2026-01-30,2285,2291,2275,2277,2281,721996
2026-02-02,2274,2277,2263,2263,2269,837814
2026-02-03,2266,2274,2264,2271,2270,693253
2026-02-04,2271,2275,2266,2271,2270,694866
2026-02-05,2272,2280,2268,2273,2274,674598
2026-02-06,2272,2282,2272,2280,2277,541649
2026-02-09,2279,2284,2272,2275,2276,763697
2026-02-10,2276,2286,2274,2284,2280,594558
2026-02-11,2283,2314,2283,2313,2299,1113982
2026-02-12,2313,2326,2310,2318,2317,775910
2026-02-13,2317,2331,2311,2319,2320,885172
2026-02-24,2330,2348,2324,2332,2335,819428
2026-02-25,2328,2349,2328,2343,2342,869385
2026-02-26,2342,2352,2337,2344,2346,768774
2026-02-27,2346,2362,2342,2362,2349,678796
2026-03-02,2359,2400,2359,2385,2378,1142061
2026-03-03,2383,2383,2370,2374,2376,781611
2026-03-04,2375,2385,2370,2381,2377,668062
2026-03-05,2381,2395,2379,2385,2386,696495
2026-03-06,2386,2408,2385,2395,2395,963102
2026-03-09,2395,2442,2388,2396,2411,1934668
2026-03-10,2394,2397,2375,2384,2385,1082892
2026-03-11,2384,2399,2383,2397,2388,823870
2026-03-12,2401,2406,2394,2398,2399,800382
2026-03-13,2394,2404,2384,2389,2392,979253
2026-03-16,2386,2389,2378,2382,2384,811020
2026-03-17,2382,2393,2375,2388,2383,837806
2026-03-18,2390,2394,2377,2384,2385,673265
2026-03-19,2386,2391,2381,2385,2386,604054
2026-03-20,2385,2388,2364,2388,2378,1248997
2026-03-23,2388,2415,2382,2415,2402,1551614
2026-03-24,2403,2406,2386,2386,2395,1042328
2026-03-25,2385,2388,2375,2380,2381,874881
2026-03-26,2380,2387,2378,2382,2382,640589
2026-03-27,2383,2384,2370,2376,2376,831194
2026-03-30,2376,2380,2355,2356,2365,993300
2026-03-31,2355,2363,2353,2360,2358,619187
